CREATE DATABASE  IF NOT EXISTS `testdb` /*!40100 DEFAULT CHARACTER SET utf8 */;
USE `testdb`;
-- MySQL dump 10.13  Distrib 5.6.17, for Win32 (x86)
--
-- Host: localhost    Database: testdb
-- ------------------------------------------------------
-- Server version	5.6.23-log

/*!40101 SET @OLD_CHARACTER_SET_CLIENT=@@CHARACTER_SET_CLIENT */;
/*!40101 SET @OLD_CHARACTER_SET_RESULTS=@@CHARACTER_SET_RESULTS */;
/*!40101 SET @OLD_COLLATION_CONNECTION=@@COLLATION_CONNECTION */;
/*!40101 SET NAMES utf8 */;
/*!40103 SET @OLD_TIME_ZONE=@@TIME_ZONE */;
/*!40103 SET TIME_ZONE='+00:00' */;
/*!40014 SET @OLD_UNIQUE_CHECKS=@@UNIQUE_CHECKS, UNIQUE_CHECKS=0 */;
/*!40014 SET @OLD_FOREIGN_KEY_CHECKS=@@FOREIGN_KEY_CHECKS, FOREIGN_KEY_CHECKS=0 */;
/*!40101 SET @OLD_SQL_MODE=@@SQL_MODE, SQL_MODE='NO_AUTO_VALUE_ON_ZERO' */;
/*!40111 SET @OLD_SQL_NOTES=@@SQL_NOTES, SQL_NOTES=0 */;

--
-- Table structure for table `chat`
--

DROP TABLE IF EXISTS `chat`;
/*!40101 SET @saved_cs_client     = @@character_set_client */;
/*!40101 SET character_set_client = utf8 */;
CREATE TABLE `chat` (
  `chat_id` int(10) unsigned NOT NULL AUTO_INCREMENT,
  `chatContent` varchar(250) NOT NULL,
  `timestamp` timestamp NOT NULL DEFAULT CURRENT_TIMESTAMP ON UPDATE CURRENT_TIMESTAMP,
  `user_id1` int(10) unsigned NOT NULL,
  `user_id2` int(10) unsigned NOT NULL,
  PRIMARY KEY (`chat_id`),
  KEY `FK_chat_1` (`user_id1`),
  KEY `FK_chat_2` (`user_id2`),
  CONSTRAINT `FK_chat_1` FOREIGN KEY (`user_id1`) REFERENCES `user` (`user_id`) ON DELETE NO ACTION ON UPDATE NO ACTION,
  CONSTRAINT `FK_chat_2` FOREIGN KEY (`user_id2`) REFERENCES `user` (`user_id`) ON DELETE NO ACTION ON UPDATE NO ACTION
) ENGINE=InnoDB AUTO_INCREMENT=126 DEFAULT CHARSET=latin1;
/*!40101 SET character_set_client = @saved_cs_client */;

--
-- Dumping data for table `chat`
--

LOCK TABLES `chat` WRITE;
/*!40000 ALTER TABLE `chat` DISABLE KEYS */;
INSERT INTO `chat` VALUES (105,'ssaassa','2015-04-18 19:48:10',5,4),(106,'wsasassa','2015-04-18 19:48:16',4,5),(107,'dhjdhdsjhjds','2015-04-18 19:48:43',4,5),(108,'ssaasssasas','2015-04-18 19:48:52',5,4),(109,'wassssuuupppp','2015-04-18 19:49:43',4,5),(110,'ginaalooo','2015-04-18 19:49:52',5,4),(111,'hi','2015-04-18 19:53:16',5,4),(112,'hello vivrk\n','2015-04-18 19:53:37',5,4),(113,'hii re','2015-04-18 19:53:49',4,5),(114,'wassup?\n','2015-04-18 19:54:01',4,5),(115,'Wassup?','2015-04-18 20:10:12',4,5),(116,'Chinkaaaaa','2015-04-18 20:10:21',5,4),(117,'jskjdakd','2015-04-18 20:10:33',4,5),(118,'Chinnjsnjdssa','2015-04-18 20:11:23',4,5),(119,'Hey','2015-04-18 20:42:15',4,22),(120,'<h1>Vivek</h1>','2015-04-19 01:30:10',4,22),(121,'<h5>Hello</h5>\n','2015-04-19 01:31:07',4,22),(122,'message','2015-04-19 01:37:49',4,4),(123,'<h1>Hello</h1>','2015-04-19 01:38:27',4,4),(124,'Naaice','2015-04-21 07:40:02',4,5),(125,'<a href=\"http://localhost:8080/common/downloadFile?filename=image002.jpg\" target=\"_blank\"\">File Received</a>','2015-04-21 07:40:56',4,5);
/*!40000 ALTER TABLE `chat` ENABLE KEYS */;
UNLOCK TABLES;

--
-- Table structure for table `comment`
--

DROP TABLE IF EXISTS `comment`;
/*!40101 SET @saved_cs_client     = @@character_set_client */;
/*!40101 SET character_set_client = utf8 */;
CREATE TABLE `comment` (
  `comment_id` int(10) unsigned NOT NULL AUTO_INCREMENT,
  `comment_content` varchar(500) NOT NULL,
  `user_id` int(10) unsigned NOT NULL,
  `post_id` int(10) unsigned NOT NULL,
  `timestamp` timestamp NOT NULL DEFAULT CURRENT_TIMESTAMP,
  PRIMARY KEY (`comment_id`),
  KEY `FK_comment_1` (`user_id`),
  KEY `FK_comment_2` (`post_id`),
  CONSTRAINT `FK_comment_1` FOREIGN KEY (`user_id`) REFERENCES `user` (`user_id`) ON DELETE CASCADE ON UPDATE CASCADE,
  CONSTRAINT `FK_comment_2` FOREIGN KEY (`post_id`) REFERENCES `post` (`post_id`) ON DELETE CASCADE ON UPDATE CASCADE
) ENGINE=InnoDB AUTO_INCREMENT=6 DEFAULT CHARSET=latin1;
/*!40101 SET character_set_client = @saved_cs_client */;

--
-- Dumping data for table `comment`
--

LOCK TABLES `comment` WRITE;
/*!40000 ALTER TABLE `comment` DISABLE KEYS */;
INSERT INTO `comment` VALUES (1,'Comment 1 on Post 1',1,1,'2015-04-11 20:54:29'),(2,'This is update of comment',1,1,'2015-04-11 21:23:44'),(4,'Comment 1 on Post 4',1,4,'2015-04-11 20:54:34'),(5,'Comment 2 on Post 4',1,4,'2015-04-11 20:54:35');
/*!40000 ALTER TABLE `comment` ENABLE KEYS */;
UNLOCK TABLES;

--
-- Table structure for table `friend_status`
--

DROP TABLE IF EXISTS `friend_status`;
/*!40101 SET @saved_cs_client     = @@character_set_client */;
/*!40101 SET character_set_client = utf8 */;
CREATE TABLE `friend_status` (
  `status_id` int(10) unsigned NOT NULL AUTO_INCREMENT,
  `desc` varchar(45) NOT NULL,
  PRIMARY KEY (`status_id`)
) ENGINE=InnoDB DEFAULT CHARSET=latin1;
/*!40101 SET character_set_client = @saved_cs_client */;

--
-- Dumping data for table `friend_status`
--

LOCK TABLES `friend_status` WRITE;
/*!40000 ALTER TABLE `friend_status` DISABLE KEYS */;
/*!40000 ALTER TABLE `friend_status` ENABLE KEYS */;
UNLOCK TABLES;

--
-- Table structure for table `friendship`
--

DROP TABLE IF EXISTS `friendship`;
/*!40101 SET @saved_cs_client     = @@character_set_client */;
/*!40101 SET character_set_client = utf8 */;
CREATE TABLE `friendship` (
  `friendship_id` int(10) NOT NULL AUTO_INCREMENT,
  `user_id1` int(10) unsigned NOT NULL,
  `user_id2` int(10) unsigned NOT NULL,
  `friend_status_id` int(10) DEFAULT NULL,
  `blocked_by` int(10) DEFAULT NULL,
  `req_sent_by` int(10) DEFAULT NULL,
  PRIMARY KEY (`friendship_id`) USING BTREE,
  KEY `FK_friendship_1` (`user_id1`),
  KEY `FK_friendship_2` (`user_id2`),
  CONSTRAINT `friendship_ibfk_3` FOREIGN KEY (`user_id1`) REFERENCES `user` (`user_id`) ON DELETE CASCADE ON UPDATE CASCADE,
  CONSTRAINT `friendship_ibfk_4` FOREIGN KEY (`user_id2`) REFERENCES `user` (`user_id`) ON DELETE CASCADE ON UPDATE CASCADE
) ENGINE=InnoDB AUTO_INCREMENT=13 DEFAULT CHARSET=utf8;
/*!40101 SET character_set_client = @saved_cs_client */;

--
-- Dumping data for table `friendship`
--

LOCK TABLES `friendship` WRITE;
/*!40000 ALTER TABLE `friendship` DISABLE KEYS */;
INSERT INTO `friendship` VALUES (4,4,7,1,-1,4),(5,5,8,1,-1,5),(6,4,6,2,6,4),(7,6,5,2,5,6),(8,6,7,1,-1,6),(9,6,8,1,-1,6),(10,28,4,2,4,28),(11,4,5,2,5,4),(12,5,9,1,-1,5);
/*!40000 ALTER TABLE `friendship` ENABLE KEYS */;
UNLOCK TABLES;

--
-- Table structure for table `images`
--

DROP TABLE IF EXISTS `images`;
/*!40101 SET @saved_cs_client     = @@character_set_client */;
/*!40101 SET character_set_client = utf8 */;
CREATE TABLE `images` (
  `image_id` int(11) NOT NULL AUTO_INCREMENT,
  `user_id` int(11) NOT NULL,
  `image` blob NOT NULL,
  `size` double NOT NULL,
  PRIMARY KEY (`image_id`)
) ENGINE=InnoDB AUTO_INCREMENT=2 DEFAULT CHARSET=latin1;
/*!40101 SET character_set_client = @saved_cs_client */;

--
-- Dumping data for table `images`
--

LOCK TABLES `images` WRITE;
/*!40000 ALTER TABLE `images` DISABLE KEYS */;
INSERT INTO `images` VALUES (1,6,'\0JFIF\0\0\0d\0d\0\0\0Ducky\0\0\0\0\0<\0\0\0Adobe\0d\0\0\0\0\0		\n\n\n\n\r\r\Z\Z\0,v\0\0\0\0\0\0\0\0\0\0\0\0\0\0\0\0\0\0\0\0\0\0\0\0\0\0\0\0\0!1AQ\"2aqBRb#r3CS$csғ4D%Tdt5&\0\0\0\0\0!1A\"Qa2B\0\0\0?\0m\nODZr_?A̂U(G`[cM5`(\\ވ_N*Vʜ8a0hv&J3(\\6ڲ)ԗ;teQBFG\na%Cq*RU=\"s(u#يEj>iNRtMH@B֣O9*UO\0GhQ^i妭UcZS0jP?\Z`.IA᧋\0WX5mZ`HnfTJL{}Oҵ`?e=osD5v3xXCm\"$]<c}\rb\rZ8(xf;p{7C3dz\Z#)j3KP8vHRƴ]كuUiԺ\nJǂ`GQ\n{sVZ:yⒿc~(@½\r6b@i3c`@XMK\\a\r\0Zg̽he\Z0)Sx0Ax\r@)Q׆\0cJ0`2Ic#ŇmF4<_\00cXi\05\0\0yA\0v`i5c*W\r{53puӇ\04\0Ӟc\0o8D9J\0瞊Fw^)KpV9^VY+hJ5A\0nPO*Uf)F\'Af1	p(eOe}v=C5eJ%G׌WohIF=펍kJI\'H2r\ZCq=alWcRǤ>g,cpWPic208M0\Z@ՍJ\0NX9c6n00</Zc0UbR=a)UZǻ+RbF\'F3TJA_	F3\nWB,r3Cf܅omT-s:Ix+KuͪNlg6SܦU@&E/(\\ByyTR%iLDǛc0̬I#Z*Sq3[w0ܔ\\8c=`)zW2C4P1H̪,?XhG ix#v5SRxCIC9Pi	\"]0jAV)	Dyuٍf\nh[Â2cXkIS߁S\"*hs`U{piS\Z\0\ZXgc\\\0Mq)Jߍ0hFx;pxpS\0&\Z}!MsvaG\'\04kv4\0x\02\0xj	\'MӀ8$S3kbK\r~D꧉O5cl	c,Y 厴\rI!Yg>o,Cc Rɚqe\nEQ<)9b`A	KgGJϰ;.ü&d+_E<+4;řwq^5WUh;4\0q?IBHt)Z9fxjE%|Y1߃-+CNa@l2hTM,<\0BQ򦃨SLU\'vWߌ-DO\nt]kQ5cr	\",a0t3BUpP\"eA03֬-H´H!$ WuUL9)GfuV%QNckN8s\ZsPh11T ߍl=ayPh@l=@.ƶVszvBܬLmiգHiZWbWy\ZYb w,~A\ZDPq	cc)Z=aZ}Z}.6n݄}2;c\0i#}xЅHSO}0f2jH\0(l\nnC#;~_ۀ$`W,gAy\rFUW#\0R^5	e!\Zǀ#\0xAp0\\kMXiqは0?NٍaiEq%01P\\\0<h!U\0gRx{0t\nq?\nuR2cMPj7K4.1B>lZ}!)21EpX]$R\0J+m1f6хI9}a0,XM `{mWQ(UA4JPoyU4\0\0X㼱\Z$nX*duHPY¿-\rm͡z\rj>8YmZ\'7n+*wZd7XB4ߴ3_P+P<9ʺsaÑ\ZnYO590\"fu)h148ҕX< ׎a$*8\ZjJ\0E}XK\0G9=?|xA9\0($@(8100\0p>E\r+i23S*ʹЕc}=c(!\0\0`aCnZˆQGqZx=%|\"|͸Wy]t&ԪVjX\nƘJ25x`{D͆7 vi&cH	&q3d&Gˍ?NwD{(0FX1ǹ4gJ.\09bK5!KvxO+$&erAJ\ZSn*W<`HnT)9\0ۀxcAFDn\0Rw{11CLhW^\Z0I\'\04=4\0 {p#C\05Zm<8B\ZGs5<N4A84lV=2:X`c!4jU>\nT~?(L&C8Oi%$&E\n֣P?NyBȂ7!En\Z6]	EQS\0F2TU\0FZm6!:嘍E@?1[$v,\nvx\r;l.0vjм\"[)5	O|RǿX4W~zV:n+\'+ns,dppw/%W<S:X\"T=߉\0}xϰeZ>咄)x`eKaC*4\Zق(df\rƱ2\05ewFaJPe= gbO䋅kƵ4,\"\Z\nܰQu)J\r`+)0Fn\0t\ZyT8Jx]7&4\0}x^|:sJeLtG)9wc`*wcA|Xj0dq#:OAp5j\r	7 xbٌjuG!2;6DĬV6bkN\0G-haW<aʵƇ\Zb+h\ncAu1V]fb߁\"7?`OQ߀`8֓I`,c^ƃJۍiZXFT\'\Ze`4<ƂS\0|OqޯI52(Z/\'V3\0B)mFX`6neۤu\n\rE SY6\"$\n]IMY-ԋ#u4lyQ\Z>ZnB%f\rFt]m$i$Nti-QJwRlK,̍4^b*YI#6ZF2X$2+!R<\"vy`Qb:O\0H0ĝgHG+<&\'g?f7,¼)>u\\>20-\\]ʒu\ZtpudFri-Iٍ+=bտQ\']M*4_`EavS\n)L<Xr=`ڸaK*1*D)$0;}yccR*\01 Ef0`4bU:\n	S,1^}={?4J e%HZpYU]^/-)ꭩy|?SI>i41LG\07Q<0FXR82\r 82\rhK8pS2<kdS[ܛyaG\n+$0wPF:u_;%4?vn<bySJ\Zq(Fе5#Wن-~lӖ\0kκh;:q`xq\0x\ZWWCPp=jWJ(la\0408\nVq`Y2A^8`Ӎn\r+fi\Z,|o*J״czBq,1H$\r3N\'apٽJH\rvV*IE*а!ji%FҹCd$B^&qX2_=lO>+<E(jH5D\r5RR^גą/9vs+ + <+$8\\\"|ĶUEqk^eW:X>l083)S\',(xԅNcSGx4v#Pjpבd7H#ـ,TP2\'p/t);d)~6VzPXi$71{Lu%QjE$WR)px5`	M{@9g0\ZU#Pw\n*IT\Z.~ejhYE>L)2u}ahi\\4F[5F8ư00Հ<F7\rJZg!m&)5n]_,2H!#V)T->zbN~x8rZh0{pN̇)O8Fjx=6\nTqS\0`lv{q\".SXd)-I`&qӳNXaVb-(<?ێӬ2	/.,J~z}n6WTY3ąŵJFDRf;sFrqXȞh#\062{pӎ\00\",`*8А<\0<\0;Կ\rGA_\0=.ڹd%7heD\'0e<۰Kg|pe#\\F8ov7#Piu7,\"*3dִ=ThƇj2n%\n\n	#%T%\\0Hr]+B8`>Pن.T\rB\\%)o+w$\no5复B>jI	vFMDnrX77$rq7)nreuIM.mI;\0õSQ\rq>xRIZ9猴a]V%|@?f#Ԋ\nSC :wvcruQPԨr)ρ\\fZ8gvB#p5=O]6gZ-PMo\"*5t\ZS]K;K\r\0U9P+z !MTAܖùQ]In\0̳2`u}%{+@ѝJ֙f+p\03 Wa1_qv\ZT?(tVe\n\Ze\nfi1,5I$dv\Z4,R#	XMdܤ\\vsQ`.9]kpiyFf|:gLt<18by@7L[Y\" -@Nm7&(B\\Oy~GLםF	\'z᳓77U]^ErefOo\\r\0Ub)skoL8բ!;^!>XYIikɻIWK2	<I\\tQ3k65GZR!Y𮼘4F\",K,Ig\\eѐHnR!\ZN%aRı#1vtX4,\'em:cnBz~U+-Cm$lǥ$$\\c\r(MGC߀r\\hx`0W9A854=0`_Qf0:vc0Ӄ=02nbHjWci x̲SWtѬyIb^B5\0^\':fhVI#-C1Y2)pMSyud{q,^D8}^)j8m[y$PO~h	gX^jbv͐D>@\05Mc<m-XZuŞ<:Ya`+Q\rLY{iY\ZClÁ{iJٸҠҵR\ZIEpϷyW,\"E1+ot^`\')\Ze^=!Q$\"W\'ⱡkGьaCrq\\4)X\\Hݜ@ܿ2dv_ʍ$T#0#6*k=[]ecGL)o6{f}*Oq2=WE7XdcAk\\l&si|ѧ32bx(Af{Hj\Z_v\'?Lyn@SkriP*v\rr~BDǕ8-]\'E/Vَэ)	^`r8(+B}\\:cn&E\ri9fZ}vZk?L@1иo֭\'2[qAA8f}aUPXtP]ܳ.9 /2y#x-[POfQOىɟE_QY%ٲ[Ԍ.?siXTJY9Qq%tr-dKY\\\'b<qUn$<~+\r&71nM\0Vh1`%O\Zjlђ-©1#q~,njHeO3|fC5UHhQb$6Ve.sAT\r0{ؖ7/,feq()Nwbsγ12Siۄ+wGHa\\\0n4!j\ZӨ,oo..fi..mM`P~7Ƹݻt#g.(;zƃ@8\0&u28Tpӕ5x`ч`{Rx]+_6p+ۀC)1#\n֙o_^08U]5RGΊGRƙEϾ\\u=t%ĄӀ:qͥ=k-BeMqF_h>+R*+Zqa<)zw-@H2=_>QڅAl(c-8R݌:cAXd\rGƹ\n*E~`q0ggIQ1ߊ@ӵ1.Rk#Fj50Jj.WbJ_ [uPK<$\\KHOo3\rv?=rIR\nev\Z*a=Kq4Ve5;O#3 \"C3iYA\"KW<=PojHV [<<>\\ͨH1VTI|Q{3K\Zaɥ9n>bKrJE6v`OTӫ;AQñ!\0ݓJ{\0\n;V\'p_IlTje]!{)fcl\0.#Xȫ,Aj58m)\0Wv}I6]sԶs\rP2Ky8	\rcXVp}m~YQB>ضߢ^LMG\rݥ>Cx̴NTD\rZH\0{0!Ki&{6hq*(ʋ<W~ʅwP)+r;׷stbix\nA?=4zڤzE?@>jr#FJH*?Co{n<\\XA%RDcWf3I=\"l#ݲ=IFR+0Ha$~Dj$DÜ[,_[Yj6Lݪ$SO6-NnERuJ0ej>-N|C%GCThƐm^<>XNMӦ&j̡AcQSsɭ&{Nnq\nz򹍬K|;ǌe/]rՙ#yq+\0N-0l(D#j]fK/\06)O}3pOjIJc\r8.., C0n0\\\"fI]F\0c}D\\ḦB4Ἡ\\Aǡ@bhG؆9J|GCV94?Hc&4X\\ؼhJo͍J_eiI<\"G1\\ngZ\rke	\'KtBRN-uJn]hSٍ\'\0{\0`$\Z¸(.R*8b7lҩݕd䲈Ԃv׶p@VO>WLb+RuAFa\Z8f`IC.?$y9h+P#EQFc\\+UyOpۮ:gջuղF$Tj8fDKo[MnԻh.dFFIM\\dhp4M%иBZeSR,O\'./VK#؜F	/n.IlymDI-+,OJHWu\rЖp\0\0LCzG;ҝ,qSc2`5cc@M	\"]ZH*Wۅ햳EIՙ4\"pĲ\Zpig\Z,\0 a\r;Em%*81_Rw&t&\ZaH$n$2-G/HY-6䉓LaE=ǉ]QmlD30	9Wӄe4m\\x77Ok2\'J:ca=/so7׷1Z\nI\0\r\ZEgrl~hF	$bZ\\d%ka63i&PGgp0LYFUKtiB\"V)`\0lLK{B]4	o`}XQkkUr\"*ېFzYxM72$#\0-7HHP.IM[)WIZ,2Jչ4iGf=4y__\"@+Z1~ɰHhlc)ԡ{\\m1h9C\Z,|ud̬]O&mdPKi{pܗ\"mZubP8kj!\\֩῭6`k^~år4!2?t|X_MMH=~n5?NAkHܣv:iT$j9~im;J	-#WĈ(]f.$kzoɴlr2ڰtV%}H\'C.3V;U65\r6Kٲ>t>R2\0p$;vk=NXr⳰fJ\0jd7y=FmJ͹ekpaY:h`orcK{ZkY#+׆]Ӯf2R=+7꽼v<ՑB$WaQZ>Z1ʼθ~pZ\"H5M!Jeod;Fٸl߿t	eI^6U2DY7s뿩卽Ē&.i!sc\0_K˿w锒mMY!ki\"0I(߳π{NTK+{\ruc%˘-I2Θy0NdCZD<R)$/\0\"ێܱ<7ukɉn$1TQ|8>Ӟnvɢ^OW\ZZ9.Ҋ@3a?v5vk&)c0\ZU.kqX41Z\nsᔬqFJ9()vp2(ժaFVdc\rca)R9ʄ56|F:w!v6[&A}|ǣ烞&iwBxJp,,/$@UY,jôE/+Wy]:dDep@x`S^8fWn;aL\r\'\r¸n}{uz67AB{EqmY]՞(Omҳʅ+)kى]lz\'6>野kV*.O,$tjlNaX^_{D,ܹHd+Vq.m}mw	,j;p;bknNky/vsl5\\[WE\00Lw_uꛤT\nV\r_&ߣ*NXcb\rc\00G+rl+\\ڋ{y̋F,TU.[7&V8+*}@ˣm3PUb[yrD	\Z{0v\\\0\\W>+<-=0\nXŕd&FθeF\n	({3N֭^Ep-fѩDE[5l/g]`e͕KW\\qMe]y$(|-|YS۾\nwSoG sidh+le<OG<_^\'w}j}s:%	NK5?|?V2٥hә!J^V:O|_ch\'{bgUа	yi)B⸮-e%C9V)QdZxL!V	?	7VmeDPDqU@#\0Ťՙn)YVʭp\\7__J]WJʈ)8ׄ\'K\'$N{R\'0aoJ[Np\ZV%SP[Ib#\'</ݲs]	_W5*\0ᦕb??n^ݯXnbcG,P4+P8/:]DܭNe1ͮM7yr-bV[B*s{zMrөb~rC~3)Y\raB)n˻ib&h^aX)fL	\\NIr5et242˕L\'bW%&VU,$k{{<%#Y۳M%ȗj)YM?yM~sZrbE!¸9PUngߺ^n،BT#HƜ?YN9k=%bH#PhʮL7[z\'I4RH@C_?<.zGʒGs$LIa&@\'C)㆟W?^H[GݮdCHŴͦr#kg\rtFڢ\'ḣ\0;(d㶽B|HP=q7WS$2DRiJ99h\07	E.\0F\"kW3qzM]r--cw{n,vVOou1V8#g<a_z}7wBK5E_abNNީ\\ݭ,Ы$Ik\ZH\ZRro$\nmbΧ\\_>wyu,ʳ@EZ]yYKIGn/!sm2mRm,fM,D2dFNI=AChg}Co\n$bؤl%Bro5Bs鶿[M݊]VRo.m\0{{|פ:xH%BxnjEJ2GNO%znO{;mmD\\K	mUʺvxπ_Cc]gQdZ3<2G.Aq-\'Z}r^`5p{w~N%iwUIP\r\r(Wl{MeVڣ]&ڧdPLێyqHNǥ|Tt#[2UbEɴ-ˉ)f%2jqnz9㠾\Z8a,ƮfEe#^83Uh	ʧ^`/oluf|2ߎ_xFhm[7*B4\\ؒ}H!VZs\\Sj{!N]$IљvwF\\]4w:d\Z͔8*M=)ʺP9=QYR#%Ji>\'Ȍ\\Isu;Os6s%Oa_r[XQ\r-`8&_\"\r`e.Hj̫N30j5s`t{1רkn|h%\n\Zs<2bfJOB=vjvlPoÅ+_VW7m!sCT~80$Ru$̳d.Ʒ7\ZT	 \Z4&pgU\\ÑP:FP+ok\Z\0Px|w$U&Cp]#U͏OFۭt;w_tFvi]^\r-CDKY`)SVSeXAӯo+[hUy8_&1(ԺzAj4__#utD\ZY|ɧ_O-W>uAQ0pŗ<S&~\"xv\0Uh⨼1DM1n{YFV{u!JuȐ>N~Q^u(277tZ<Bu{p3+^R!$FGyb+iRci27\ZKJy$!D\'m.֩2D-GoX+qZ\"(^\0pc\\mJj$^D+$uEu\Z(,d˘aI(h8O#XqI	Јy\'6]^+Vu&ޛci5E(ϳ\\W^z`n-\0K_HMGv/1Y=FRV?@8p,JmrgeцCQ_nnyu.%{v- ݎ]\0.M6*Hd:vn8\0ְ񸳽50VvCkfm\\m/^ҺGg2ry3	F\"\n)8&$;HQ^%]V͂֏GzY}L-UKOO8vy[EÎ|y(6-j;\\h$\n\n׏26Nm?7gSTxL8o\n+F9V \nc?שud\0Q	6`hCc̵?pǧ9Y\\Ϟaǻf5sWCqݢkw]FKs3FeKi:}:K]:]͵RY~Xg9@2^5ɔ-*h@ώuge\r\0yp:@\"BҼUi}-M7<\"aMZfT~Qَ_4!8Q	u*4Ѫm)Ԃ~2SiZo,-dVUϵWѠ,oUh-ew]Y|\\+,ceRKO%ŝnفˍٽmZ1L@ļǧOl	Ra+tLhޏvu(RP*iH)/{Z4Qn.O1f+\Z+mkq,ĳU$׿Kil<Oaʊ\Z:B(P<ŧq9Um!)Ԛ~6m39f;3c^݁m+nCnԠr7:nFrXqjm񴆸V%̈́p=A:|xj^h|pwʓFR9ṎBadbI25+]#2uim;6,>E,a]:XXinWM-,$1 f*5f\'8@n|aD\Zh@}kq;u+-XU\nV)I^ʖrlFQqj1[H`8\"ge$K+ROۇi}.t]¹*W8o;T 7&CJ4֣ی\nmQ*HLCb*~K\rDUPOƄ\ZiXI\'<8!4TlShо8\0D.MɔÚ9v杭ή@<^8hExYxǗ`7̔22f9~׌VwTtKy\"[v:ci9Ot\'qϛVӜmUPUG~xinW}ݤ77D1{\0k\rޝ?ˍ\\l\0w]\\m4G a]2u^wbmKuJ`\0_pf$S͸6dcK1[Hv˶JOM\\=Lq-\"4da3#& /.չE<%>.@g}vRt=y%tH9ɏ.dP>T5EDmDL~ް܁KzuK78{vg@\"1	L՛,[NR	$~^BX\0u\0C,b~A\"Jb?S^KViڰa\0X\0t\'vY-Jk?J^Hf7_E}w魲&Ã0çlhKcf/i\ncB\"\Zi\"+p:k\0VP\"dvҾ:u9˽l=R֋*S׿Tz[YRboKL6}؆hd\0cѦm(vuyЬqT/aǵזxqp;?ld$YBziV9bVAy{\r 윸W/5wYȷ)$w	-  5o~9\"i/7ExV㛶1nc	\r<]0ۣȧRq>\0۞:M%PV?h>;K7]ѡ\n煻>R\r˓$;394c>k[$ylu|Xb4w<5\Z6|*$vH~gI{see,1l1-nv-Qq;?g=c1>o~_N=-\Zmv8읈z#v@3YcIi͖k%1SmCmIோ쁄U$?e{@$`\0Tq}|5vnh᥹g3u\\18M^w-#[;yQF\"ziJa]\r,\ru0ƣNP	6{tF4-s0\Zc~	=H6@p~y7Gnmm${e9PR;sj($eeHHj͍l7MU\rIgGȈÈm$Z+=R*rt\r\0$\0O\0?lҊ$9Yl	XCShrlwlf4I4]<t}ۼtx?U7ks֕R\r\'@w{V9+WUlw1M\'zBC7Ite+I\r\0vc,c\0O	f>?vɒH!N&WsR8i=u`\"x&tW2Jkoׅ{K@y)\Z	DI AL[_KdXkޘ[o;K} )^ҷ8MAtKnM$ĭ<*tVL^hѥ$13-5K{ȶH䉚:O:!:k%w;Lry9SU\nXE{6߹X,C\ZeD\nPRD}Z\"ʝ.Z!_?k2n$KzddZȬH1J\n(\0U㐠^x hek,z΁OvfQKA(*B¤2/\r~+W:\Zsh }Ximj\0Pa--ydarZHT+~¿?v){7HK`OdZ\r.ొa0pdaMIFB7\0\';8ڋxM$>UPE4%4Q%&+_/\Z\"K4qdn%XR\r1U,vvKk5ۄheI\rF#vuqɷM\\L7?uv])F\rSᆚmlrVFos4!aFjH1jRj5\'^?RKtBTǨO\rŶ%D\0݇Zq_0\0CZэF+9ʝ:Zأ*T\'.[$U\\<lcÊobLr!:30&	/usMeu5u:$ҷ׬7ݴNL1,kⲏ-=qD2$ܦSV=cs[M8ippD!c},b{Zkqr$[NZGCqyqk[ۖPK\',c鬉H{	UGB]O6̱YyjM`9c+JYo{iUk \\,O)쑷y9!YSX\ZG5|Iٞ{FK\"G2RR8oDs.KW-*$p+˧ktglm#$muD%OJ]SυuychOˡIypߎHUQ{&M&>eckՍ\0g{\0Vm]RsU1\ro<թne+i-*Ne>}r灭6l.=A*>TDMR\0\Z˻+,S{Eݱux6Wav+1tD;}m&=-3)<.$0ؾQX6Ⱥ99Բ%M`:E|I_߭6F]\ZRbŻ\"cQ\\?9~]o\rմ~@vm%į\Zč<wp{\nm\0[#,¾5Ye=cQߩ{|5Ħ\rյ^[8\"u34\ZqIXӎG޷]x]ŒuEqL_T]	Xih!+r_z/=ԝiw ٠2R&IAKT<gZt-[{Ydˍ-V~aIĵҩ_Αܡ2mە	.%`5HʤO%Ɇ7HFgGEL\\3-uqBGӃp\\lۍCoVy)RtvcLI,vحmV%GPr\rGc`ֽEs[)jڙr\'\0M\0l[E+$Sӟv*w[3]Oۂa \n\\_w{~[mf,`SSa-ON(MkjG.*AEG_)HWoy<WEZGTy7r\"c/呿l\nzsܕ鵬+h<ѭ)ǿ5Ompu\Zf}sm-C>DM(xեu+.L#Ŀ[]d=E٥	̚\0a)]54pW<eej%蓴\\m\\;/$,vu5^\'T(-Bd\0F\0.Qռ{/g~-n[_59W%t	mgEwO$DOt_<؆nYl:o[k;	Nĉˈ>صlgҧwkKqb5R</q1jM\'Ŋ;pY(#uiJxG]pnwwx͚{ʙ/6偩ϷkF͖.m}v;ֹ\"	MPNHs4kۮQOV{fkKuIʘyPs\\<x[Tf(~lkˑ#-TpF9S0&Qx\"rmS\0x]Hұ\01Jc`Fhlm`IY%Neq:l	!I#iRc-_i2U$Y7SQeС<hJF	QhL\nJ\ZxNXv$`JԉX\0PӴ|0PWj:?aRI=ɝmU*4=r^ŰYq/&H*Z\r@ȿRmy-pw\ZlwoW.\"1Ȱ=؅ti{kg{2oo2NilWJͼtw4>x^K,F]!\r\\MsVaGY$T-&?7n7%vJq\Zqv12XסO+X\05Gq\0EoЬOorRRh^b}XKVkkԗG%iA	\"$.+t7e\0n-+<QK|e<1,F6XE8=CK1c`\'l牡\0H=Pӛh]3%V)E(\nxbz|7!biCMaVI}{1[[z]bx-0n\rJ|N%wV#7򉍰D;3Q&~7?igMeoW<3\Z	g2sa}?ʌۡUK{WV92]եy⑨\\՚ubmuIj鮤tFƥћ޹CoyW\n^8Ϡ;`dxv{e<F[wj̕6c&m2\\%ԒbKZUI(KO?jU+5m&.oEф\"h&\roW=E!t/mdZ\']Y]kvcyk7vwpڶ%J̚vvZ.\\+t\Z;vwmdY>h,#I)&V䪴ˆ\'璺/eocԖ[ծ]ZR݌3gh9MZ;1߮[n{+ɮR$帹E[ti\'cn{vOC- [,efm<ԑ$_ʹh5?Qouyoib,N!a\Z?7ZS7:\\H=vؽ`Bx5j/M73տm-wi%kH򦧕ռZN8ʚ]l̖X`fҩ9#J鑸Z㷝V7M<;s#y.龊g)A`*MU}q.]|}b|1~[@c[ekW톤rJ,+|i#|m\0wM.)^|_\0[wE7-qf4QGT\0~S08e^oӍ(a2X%\"u?c-[BtHw%5$F^~g4E@_fi5\'<8[qֳGR~6Dqa%BuRFe0ǱXm^ߒ-ܑHP\ZF˹qK)=`N|X am,*-m_(%lGmropAmn!\'/b8Ѳ?qwDGQYioxߓƻ$1;Cë# es#BYiCreɍ.\"a,c_UD6kNbKm#rSbE̹WH165F䑯y#ĆM\\B{pe\rm\'^{uݵ{~[eiHsc}Ht烥լ3НZ6ck\Z.dHΝ:)-NM;EͱHTz LqGGxbߣMx;l~[ēW>Z aSCګ*]qX`:jfSpE^\"~-erYSv1vW0wхᦴo\nh?7&`~T] ʄ%ڛ[H%Yn]b;ߜm=]_]m{.)EjpH#-giP	AY\rAC}tψ/m40j\0G96#y}+_XZǗݳ\0i\0EdaGf\0=@mie2E	\'sїbhJque2(bUW/\0 _%Vh.VSݍ\\$vf?[ۤEM,OmҠFĻlΈ. QLOhIU.<Ogd5eu&?1ŬLҫ(\0|^,kgS<i:Mbup]Ӛp%1ыr)&h1\"N5QT[B+JdFwʺ%Le|Ev^rZ4 2{q*LFKU5HI`,hH5KBE\0ULw:Zo/.n|$B\'d4\'.XXFcu\"X҉yI9gy{:uхO~JʱG$HƯT:uΩ,+s:LU%yV]<ʊ0Uf2]x]ol|DK5f+N88~ߣi$;j݇y\\ƠF}9\0WƻmqYF,{P*y0$xe-J\r,>8P,,AƏ7BwKa\\JdRHy2vn7&YaMExՔ5\067#q-\\}2v[Gگ)xC+iMR	h# JH|1N0tQn6wG {cVؤo<}X^ɹԛ輻mL2?r?ۊ瀁.1^\'2j>28_s5X6Iוa.ҏuI\'A\"KLQ0LUYGO4i\0\nW[U]n[ȩvn[P/n)-:q,C׵uf_}c\"Jzf1gqMtnt\"i2Q\\8ˆ{ِ,lNyj[1Q<{;uڟӶk˭M{oYŞ5ƖT*dLtH\0koҭ軷m9J4cN8iti3<+3B\\7S\\I<pmL25kjjxۤ\ZGŶͷni~^Q-6(]Uxws!zܢXl@-qs9Bi!ySmSezϣݟ)k	\r<#j}YyӻvKogk͊رڛP*xY5k-zSeGIn~	(P-+MZbpC>IZ1?Ppoj,=}[o7b܊qpЈ7H<NkDno\"d.ef1ә*8M:ygvi#,4m\rO׶Ĕ\0טrr߿\"ZcC;֭R*­X]jŕ=MnoKY\\B!(Lk@8`\r=}\rǄ\ZDk	W&m\nԖ j=Pu\'m+m[벻uJ]5B|௳B~t6! hQF\ryb	z3olb\r#151%B1Ѯ`{݆l۹mqiI/txԗ\0eqwoe+_mv7IVG@ҌNYcR?y\\%x`,ۍ$0=D=?U~8K.S6{&S[2D\ZOa}_Vɸכ;yJqw\rn7YAK՜#U*s{Ip;LO}퉷nKkmR9\"2*\\kK*ېETQ魢+1[_tD4:ϭx?<ce([ym%Y\'gF8kutPlLnx6JG3&:5;g#َYf7m;UMRۈM!)CYuQ%ʣs{QX\ZUnE*;Y?\\G\0{%R\0p{~KwK[ir/wh$-\Zka\0Pv·Ήw\0S,}Iykve5ʹ++w}3>[Uh!Үhk-I:먮66Kؼ\"\0&R\Z 	t-gs%Q&w$q)X<IhcLg\\k(-3326g-1n/	W~dY7QN(	`;}a/GsǸc=\\	C\r4LoBwn@u`Ŗj<\0zv[MlJ*TpG-i%h\"WH5<(u%g~!_ܱvLG#jۃ.G+t\00V\rG`>]G鮥4t/,\0ZOt;eƝaѿNu)Ѥk:\0 BߵI,qol#[hm$f#&6Ÿ\0MroĮIĪl}%Kh&VSԏ]4?F;w叆#}ᡷO(xT\0{H𦺅?U)ٯ-/KkP9FHW7{K}\"Ir3q33HeN<\Zf|lO)\nZG|󉔺PF :_</E7kc3mmq\"ŃǮ-I̐5T(9k尳鎖ܮpyeiN}<o&M5Ibñu7A_n۬7!.)\0jF6>?(#&-7];ۉ-~b|^\\st/=?QHJF46ׁ:h]Ln޹L(!a8Wt\\͹gfꍙnyZUH[4$ \Z\rUatiڻu?I^YD#5sE#ЬHco#?7\'\0lIDVD24J$̚psӎn}u&O#\']S\'6(,3M:Vp_n]V)\'=vx]J,ڊj.4{/*njC#\06\"	/T+UƲuf~?\\I-D\r˘t$c9}/)\\~\Z{r,\0xNs	xh-7V^5պ^i\'CDiE5CtOCӻ5xO>M9^e9s!)q.~ǗDjgn6=r=ЏHD$\\pov/gkmIBZEO-!J2OsGOM?PnSnREIJHQvk+^/kR-^{UKUSTӎ/5mhNn+&b=yj1a֕n;yLm9qur͹	lH[\n$q;F,6ZORJ-\nr-OMh^iPP$CO\0ƞKYko;I{}#<\"$T*%y{oj(n\\,´X=F˂Q<\r#G,WZ\Z5fGV6TWIV]$#fhqY7˧Ou;Oe{)3ۆc	VByoges{g-\r.ⷖDS{%[{h\\\0TzGT<W%JfMEM}a֗;֓o4P\\.Prt{\\T^\\pG\\̥ɇ!86fS,(\0#<wwddZHgVgwPL᪙79t͛^en-7(5K6͎gz\Z~(3}Ygq=^K\"(VJ,MK)>\0Ѱ7Kn3w!k\rR4~l.9.]sѲ\"koΒSb9/?[%gN\0u,\npקM>p_mHmp5[u$7LV[B\n*xCW!S=}?GRE&\r	YڎU 4RdtҾti6k\"ˢlۥp@<DQ&J#kEU!a]R(xxU8pސ6^,V850DJhGjƫ_iq(kE\0M4r0?fT{8c2FYحrX.A{E40eMek(q)ߤWG3ݍe6Uvxn.F7ү@~np6\\{c{d6l&dJLypͫWuqVXzy\"|^6͋{ugGEfF--6Hv:BG{iBo\'%VPpTV<CB|ZGt|\Zx4ǟ&й\n~js\'DELL}\\R~\'}ABVfpT?8_;	{,Q/2=gQs~m7;e1Gpǩzk߃m0tn63e}eԙ|0c\n+\Z\ZcnO@\rRsԮHbVkHS\\r|!N#jp[jiN?kP!kPWRE$C@Og5/Cxg4{F\'&YJnYzH\nmYCD\0MI.+û>4\rzPv }0ޙZیsA)T -J\r*I59\0ZT3$6Y	h\rkxc,n\rm绎+vǅ18ͧyA]3ePm\nZ#-mR$W<B튧O[kXiI*Zkp͗,[MK2;fl7\ri5uYCD{~ĺi=Y>۷k\'ldۇqm 	&xR5rpz	]v95+5SW-UZ%48}9eI^p`h`i{3	Oqi`l6뾗fa$Ih#r	-SG+.t6t`1]Iy5o$b\Zm\0L?Mmaq_Yޔi̥Um[inum4B-Rw)!\\iP,tkY៣\\\\i;ڶIYDoD<qם\\3L۷Eo7Z%A#d(ա\09kvInbbD4b WS\r3OpaM~.Z+3thkTM_q<ѧ龦h,qJ)h`u<wY扭mzr;o\rǻOd,9yc#!hڸγH{uXC.pFѴu,$̣c9T_uZki+.#0tgz\0:vqo׋]ns={1,#\0Oyex^o,w/jfKcm@z8.|:X|ŇïlL|RHcgqCTjA_eåH!40\0\0uq3]=MwG4&)X3FѼJ82:TdsK|l}77{l3nޖ[CʘJ9]QΚ}C=5~wff900]EզUoM[M6){x\"jhcխDY>8`q41D\"tFȫfPF)4f۫`\"ȒoMujq>}c\\OpF=*t-?wN-l$z!,RAp) {E)U_`q̥5CWTINxu0IҕOHF0AJwE]!\ZG3Ri£H\r\0<:Ȫ=deg߉XHis :5kDv}Y_D4ULxcNޣ.ٹV9 uD٤m󊨔*fyϷjez7\Zp#ސ	JyN\'dq?/ncIne5HZjkESĩ0?o}\r&!F0:|զ<l-kw	\"!\neM}5K%w<US<V+7{*4K[P\0e\rG0ǹq}C cP51S(A:Z6{WXm\Z{TwhtWҵ`{N*eczl^[)]!h4$<TH.r;mۂR9\nHn;s1(Pq5ex1/G\0w:&3ܰi֪Dr鸬vkv;ɛx\rZQHiOPFan2[]mKk{&i5w3颓ItuP%f{M\0$pxɮ%wTx*dha˵EakxlZtE\Z+ٱy{wۮ6ia4<L,|+=?yr7s]O`o 1\'.]B4@Nt@/&B+A8\"le-4e\"#ņ2*VU\0҅j){r<:EOof)͈SDNݠEi\r2rh~6띾9[iHc\ZV-g1\0Fߎ2*o6H\0<%.`WZ2Cэ,۽]jK#2QS_H\Z]G7o\ZLqJ_>\"\\6Ͳ]A=3QH4A_e{yv{\Z]Dg:w~\\1lm6>j-yEԩgv\0b7.]}{\"O&CxyRc5g7OM?ȗw;jSCDEm:iB9Lǩͧ?~_c۵eX63Jjc7T?w[peK5tJ̢Tem&V8lS]𪷰\\	v\0s{\n<y~!:fqGmXw+;Bt̼%\0G͏]~tT?Nu򝆵/,9-\'R{f|v[7:*\'F_uÃto;MoW\r!\Zj5?me\no[3i:g^t\"4 S+-o퀽}oח0ZqX{1׶pvF߬vuMF`4(Ex\\sݬroow=Q/Zaa.yU@QjQG0|-\0w%DYA5>\Zev3^:υ^5Iq77Rq\0<0i9-oimnʬ4\0SNBO-8W5O[~2E4M3E1f0x^M:5ٿizg\'zI.E7q\Z9^\"\ZUn[.\ZGx捔SƸDAi:	3,Mic[(>K}<-\"D\nAj_cE9PTj\0{x6L{HuUTEe\"~\"\ZC^?.6_muw&{s{yPȩ\nrD󊓆8M50F#WF%-=.}@ȬH!Q9,~2xiOIRT&Nuk,Z4=?> ϰsmc)?UUt>\0`o:7:cQ5G3ق`W97BzlW\0Wߍ}USPce--+L\\RPXf=pdR`ɰhQ82W^8FŮHoZo%E*@#لםnڊG5켫uA#gXQT<Yq\"wzK}m	%rkvb\0 G,Zr,%k\\ve&֑́TEV,VHHs[[Z#%#N}8ik\\\'?NaMo++MXAH\r0GΝ17m\"ח\\(C75\\?#c+8″\\]$&XG5}iWTpD#${KUE`#αdg\0Fj u\nr[k~S~mi2z+*Ӄi[{ΌFi(/ckcП|ZlWĨgc_C_S~%ڥn*ѫT f5wrOķ~\\ߞ.]ǳ&ی1K)O7\nFNk!t%D\0ɮk.h/$ߧꅴ@HΘ尖	sH[9PPg[IQGor\nF32ĵRrPxF\'Zu̷RB b Jkc3\ZH܃C%i֖5ULJfۯa%ٔnJAO`AdMA_v(6e9q1zZ;S0u1*䲅Mc\rkO\r6Z?-WSyOӍ^[{=1!XZ\Z\0sۊ+I0O\Z8A&	w+x3::RHE>\'S2mke;,pUi`|-Swʞٶx喍`s\'Z17WjjM1LcӞikK.e?∆$Ai[Uo\0\n& $f*38\0k8{9==iխ$OweA;6mڄ\rH]K5-?ßkltFue.Ha-XRlWsʜmq⵽BbjKImf\n+Y:Jk?.[%Q\"RuSX񟟮7vOI!ٓ`vE6\0-²rsuGu1qEn%RFD%fjeݏ#zM?.#nM%=*\Z<[Oo\07w=MƞoQI\\a+ړ}o\r$0iKI|7=D6ͣ[7$aykm\rC!p.p	IDP{F0yIml&f!bj(Csҗ7zmijP$G]Yh}($4 Q\'n )ѩ0ȔRkO0|Ƿ(Ms)ᔐTTƔXuû\'Uˣ1(\ZxxNR~$BV5v@\'OG.)h-?UYQFQKGI8dˍ\0`{(\\Ns+C$\'F_.JÉo{\0\'\\>u{dEʹdΨr#J2}5ckR\n<pbCuI$?3\'A̕ֵb[\\ӆ+J/%lvK:N0mp)a>6䑤҄>;Hs5T>O_%:NR\'Hm^bA*-SoBU?eYOn3xlG$RWϭȝ#di$X\02eWh\nvh \0=Xl|Mg#ӯI*i׫&|>͒5\'!QesAMJ|A0Xxk_k={DIG7˖q}͍SsLnG2b+$7m\ZFDel*o=Gs$6ɢF\'yX#VJUG<j{eXrbT#\'u\"Uj\0yN\\q\\tG,B53Y딹|1{}϶YmFD7nVMI7^z-s-ӨXέ*JEVU\\8demRڈ(~PlI-\nZNL49Em1[yr,39\Zen3~Nl3QWJ:d@tmݳvUc-,t jB-,B!F	_/[ Af\"v[tJx1H$$x\rM\r]ZdƬij֪]RŔ4WW[{yK0Q7`?*b3TnHԑSkXxY glÅ)Ǭ2ĭ#76-\ZtjTЂ\\&ڰ\'.drn[ i*\'_wWoD.2epCݍдfUxT\0~8rMJ;\"($.O͌-61Go=?ʜuPx<؝C̪%G]]ZңPik\\mٷ1pЮG.KihuJ5.8}Qآ#*|O\'Ǘ\0|+oe,\n\";x=b|-v6Qۗ\n\nq62L@т*$I,n2I1\"/esu&sj{ûYkbecLn=Z{[d]aR4Y>{2r?\'7-d[juEi?ٺ^\\)4jRBQjJ(>{)h÷Ц\\v#rTB\r1q^ZrJo/\0KPkGRcjW[+oGd6G9d,&9ߧo&\r܂Gf%k)ͷ=ꮌ)}ij\'qGho{GzuN={&~pBI7|\nLM;n.ZX,NK0HO`FJ.pj#ۿn\'\0Z$.\"\0HKP;dbP07~7P驣wimo.wwnZ^f~AH4l2~#$bQM\'6 L=nC~J(Œ8ꜪFK+eYʬW\\ 1![ykc}Iq=ٵn[%Y\\c83\05;Mu/bvۖ߶ݰ*񢸒I^d$#;k\\uitw5ٽ&BH̠Զ~|Cw]?zumC`	LjHZQZz?oVz\n\\ZeFOMR~޺B\0E:^6RYgCc)vᾭY4-\0ncC4<Rh{F[Kzm%Au?|</Z(]c\'D(o`	}jBAex{]|J=vZu٭+&)g0.b#ktA9\01%e[[t:N\Z`kxz[yٹ:E)\rۯZL嫎76k^zGwڮvQ&gLޏmUJZO=]Uͤ&7F%X	i~dlp\ZlVAM=܃̉vҬӖ~[6;v/&ԓ:yvGX\\iV [8.!*uX\nM!7F{S,̤,ϪB\nH,*iYh>2TC]]Mk.!|||8-MVoW[u=9J\ZFr&љӛE)qK	U5Pl/~kWcO*{O{M=@-kOaD U<[QmyfXTwTpxQfFnjm6(cESfXr-m!x\\=t	޴w#RL\0c	$mFHh/x-d88^)UZ3 \r,9JӪف,51E^/oU\rg#˨{|+xÆ\'4r\"ɪ@=Vhrixq^`* >_.\ZLGcL_.6Gm{d7t&@;vE)Bٶa/)y/FXy݉]=۷E`\"\n52:Y3x207Q\nŨS\nU=?$vU\\\\ʼ5/ь`][oiTP`)*Ky\ZN|@BD#k_uOYVmHwV6\r% XIRps\nN#^i)\"6s`]1V\Zcq$^MI\'M]hM\Z((F	ٍ|YScٟGiGF10ƅL)UY:WVL=c5֒k#IR>5)^\'Ik㜖Ћ-3\0[SW띜|\rOW[Eō#Pʞw][l;+b7\\<\"B5S\"kĜpr;n6Y2Jq=jc̱\\5)$%tkF!RX\0a\'M\ZDI]Zh$C:e-kdw5*4LO77ʱy;3Z\\we?bbsu&D%1P4Z]M9Q?R\ZJk\\%T<N5Ѥq+6+ӟ-X6jH(MGS^\'dƞQv&Wq-V+ӓ(KJߋNB-Ncx8Ճ4AXvmE0%fc\'}Ql{\r̲\'NNk]}M+fѴAsijV~e_1\r\rX*H!-Rim|J)9RH=<BHYZ@\\\nWskἴB\\\"c{cO4/Ϸ*\"Yp!.4Zoq?6W2i]z妞~:u%f\raOu}啑Ϻ<v:Z~5\";D.@rZ֞j1>F>O-V9ҵR>n{yo+zAlK/71)i65/2p 7e3[ެ2әM=?E1/6*[\\E\0=w;7E\"<QƄpS6Q3nAUa;	6k\nX\\=A$h)ӨORcr0Hh|IFRA%8SuVݿ]Y4;)VgG9rqV65<r!9˟nC&G&Fy|o_qVkqC\0YQ[9!h|>\Zp]Kl`w!\"C{t4g,B\'73c	q?ًB]i,ה(\\\"3ہ7{Ld2МSy+mn4]LxptWaC\Z\"X\0S_	=լgwhjE%pYcv\0KW/ٙLi&wqEIN /2_\0C?fQvevH`ѵM>m,.j-B~9`sD/d-΢o%7c1-̧_|aYUD6\'B38h\"+Y]3Hu\\X mU`	\0WN12jJ܀Dz\Z_Lqt澝/f>H5{[s[Gy]df);YdxU}9֎.j<Q믚c\"6WYcCX\\Ԡ΃\rɥ(%i&P$U==#wfrAzZs\Zx!sUP)%G]k#769J\0eDVVeRP\n݉ݛ6hbA4C%\0T7ǈ-۶oZ:rj4^~m<N~]g{3\Zu\"ǦD0AT|H\0U8&\\LVV,6cezxFpP1ZǟvƩuنwCKid毮p9yxF\rE߈<y{mɅik{i$9meQ5+eRj.Au25hBß~lmwD;\ZEuwW_E<\0F:6Xmk#ZFH?RaLs\rLkKy!.Te}BĲ.kfp+GzrhZn[BXMmxGMgv/5Tj?#Wv\\۵\0!Åq+{8w&J(n9.{SJ4W9Cc ߉]BtpJA#|?=-pG(1ppSqu(g\r6_\\Y/lk\Z`FT1Ŀ\'<iyk4QI#F\">B\'I^m[g$:.תV\'z)f/]㣬ntO	˔:5dhi6:osٮ&ڲDK+궖Į;l/ou:)e0:G!8럑dK{;$P2P4	pGiUE\0Zv\0TՑ)PAˮƘlXi_z[h]a\"XA\rdE!H(Luq^mP_އRm}e̊e?d6e\\tgG-߬\nOۥ);n\r[<2ȸNoo>:|߱߯ll:RE_C_읯p_ف5L{l}m\\h_:F0\0(`%N\0slFQ?7\0}*7%į*\rsbt.&S˃C?J~ï۔̭6{`uI$#ļ0\0SP깭k`gsa^OӹP\'0w&}Սk}g;[ktO;%CmgG1I#I0:ż[\\Z7i˥&։ 2YZn3mw׻Qykko\"+$)jwqv_Vv\\^t\04>\0NKmnWY<,saBuAMl\"$%V#_]TrDX׆J}P(dCe`&a/\"),P#KF2V4~\0fimMILHQ=\n\rB;Z/\\ĩ@5hΒZ\Zi-Tr(A˿\rZ\'\'#[X*sQ*[e	xыQ$\nkį8o5B)-Q$.HCEU}[@pW0MphvR\'\ZLVPQF68[*x`HY$-(fۛٛVMcjH0Dڷ@C\Zed:-ǎ#nG}ⲓ4z#\0(:3˒\\Xm\0L:s\\\'U%cOCri\Z2\"8ʚߋhh%osnrKzH#Dh4֟JۉuRs$vD.qSѮ%vg6#uyn^q(/GeH0?+X#-U\0TF܈%K󭽭[jnc\\#h\"O+ھ\0Ӟ3[K&4 N;s0\"ёZ\0*P\Z\"AxOÆ#dp$Z9?vH@֖6ﮪ54q`\'7Վe57ki#:ʗ\\mK/[rﳟun>ovRĐE	m*/<1E9L^w{ m⌉cnah\"\'V|sǙçeu4.Ҵe]\\̥S+У]鱔F(#!\'w<Ҩ~=هOIQK/\njG+vg= 9\\j-kQ:k\\G˨E)qkr,F\0PŘT\nihآ1:e^UшRV\r+c\"[n	>=`oѪ<sҬ}\'zw1 3Ֆ}~9(raq7sH`o%`(AbFƧΫ2{XY$h}KTG`G=2Ict.lSb]:IZͮ{i-E5kCb)O1k(x¿Ae=GԯJS\r?C2E֖K,Vמ⓶Y(f\0W\n\\cJ	Q5b<\"yO?ZZ[E&Ϻ&kPv-\0onзQ;,\\K2Rhd\nƭVNtjJ%!L	˄f>[M[GS^tJ@2@\nI.g\r2M7Ds)*/\Z̞%Tr)9rz;)۬LtxP~v?>\nҗ6I6⛊]mJao2~+x:RmO\08b_~Nv<2b@[,`߿mwۤﯦ1#<7V\\eM\\Vyq*[5OnCsfŖDREUʡ`sHA0$~rʥ}ƥ=A}dl;IzXSj]Z9=6S3kqrAG-Fs{-nJ[ǥ\"ֱµgHҭIu{6{ڦYbd5`V1$=Z:d	\\8̾x\"](\0xQN8Dj?d\n#`k0Zv\'E{1AʐAΜ0$l4\ZkFT7YcXyR+{a\"JǱ1]Z[smd0G#oVTtE[`PjS{xHQUA\',\0kmUl*\\Hn!_6?p6nce+#6/?OByGS2$l.^7kF\'j$֣ef蕊>dW\ZZ焽T9AE:6y27:S(\naIC;M3kl}.P\'C44ÙOeAQS\0gxn#dZ\0j>2T]d j6|Rf?9do-nr\"IFx^Gߎ6VX-lgF\ZEkb]w[~6FLZ3}8ǋ!hv4\\#>o.oxo-@.WOom[ҺsN-r4ܯbgk[,wdhg_JL*k@\ZHeŴkk*iW\nHS	 d`3̌U[D&V5eaƇ	OY\\0ggp|tRO~F{g6W4Mo7m!b#\nxjG=|cMѽ%onp]hR(!`Lxuq:kf^`[Y{]21	tce5A\\yKpa-ZK0\ZT\nsdTB!!5JūM!:7ޮ9\\NÚ9*bY5E՟~=ͭlZ:W\0rF{5;H;ϦTWh\nfCpmg+WY@Wq#\0w\"ƑoI[>\"$w~\0_țdf7`Μ{S,,w|Mk\\Chp[Ki,*K*	سCsP,j	|-yָMg$ DWBm\Z̲uL}zٲd.Rd@W7MbV[R0\nn%6jVM14ے2`z#{E(*ጞ#\Z)̤ZSfnEmm*+)ADK84fYKȮ$:	%Je$\"cVotһ2ch\'Ģ4!}qKeP|5MĬ?StPWc3. hYdS#DV#Z\01C9PMQ-͑$^LY\"	JLA;=-\r$TV]y1KF0d3mB~qp=ZNU֛W;fUh1d8Ս!C:ZK$vr4HKG~<-sYw\'MHnt[=7a.H`#3A7-h(3U&+:^E#\\#$r1A$`Խ]vm6%j`Fb6RwMw9ܼ1nb$-$2D=N 9 Qu1?-0I6̓xn%Kl&]nwIWs&oc߭`k+nQnu87ni\'Æ\n-Ė~YȀGpeKBョ\"[OPo*ЪتWƣScsju\'\0{kَٸOEyC\0Ώqu6!A*79$FnC^T\n~8U0t,d\'q,I(fȟ-L5\ZO9^H ~8bH-Wo۝WĀN5mv^Qnt	R+&ZRcQ%X\'ٖX!܌\Z6Ts[J*vIC<N7z%i4fY[@&Y~Xk_>Ŀ}rhM<&~X=+42s7%C/#V!e=GhڿlTeʱe:BӈŦ=Zdv_PkpUD\Z(`(Oi\0ȸDeщ5U	%tSۄ%~D6X*AZ6* +\03^Qw[,tZYe*:5ĺt_Nu.v}\rX(N>Mu\rIHͻ2cz%%ubpW[mKDG%<-[Q=f:wqozKmF(Fh$1c:Fq]{~\\d\"YJWVE[\0ooc?f1}88o&O$;[KXν>8=WN}GЄqǮF]h6[dA+\'OfAtўŵ咭\'sweqW:D#yO0\Zǀ=\"˹l[Ph-\'1H}C8WgfF4\0o]^ڷ)B8#Y-dy!nJ\0]6dЉwަ	#6w^@cHвәdk9^ԜsO49j`)5ZxX/z\\Dn6 h]|?]:s\\_^w\nn.dOU)&ݣY1ӥ9=92`M+}$Zl*}1)E\Z	OnU2\r\"^rZ_sNsM>ۢ. u\0QԜS*+bm/3J56*ҫfGYxrZ\r+JfyS%A-6A12;0PkC] Ољcu$՝YU\0wc&+*C%{#%i\"_3̚P&m[,=dk*phގk ɮT\0YFSP	WW蕺4* ЩPO_:~U[F\0)|7g<kM4+kID&϶<M0%mUMby	ӎ	q0Ms󴒺5R[]C}nAYb8P\\̪?d\nܣ\06av%Fg+bZ,\\TIu%B2i*Tsي$(E*FZ,R\Z\0XEqܶ&δcXBuc\"Vwˢ;I\ntT$\0(\r{FxK=\r\r\"0P\0>g߱q\'B`\"\"8*V}LW>Qwc:%tHϋޣסQ{*q1*Jpq`Fa.o#{IVAMV;A)H\0\r1nӵ~gp\"F:ǀpۺ\\&RByEfaqϱm	j	U<G~cwҊFjC/#D̖(Pʘ~ID.M0HGk06R4PUȦ]O+ARx⺫*Ki#YNS1P$XcZrf}&y6䶩4çWMV1.dAِݷmkHe{ն]uֲO<Z]Y}?anM[٤*PDKU\0Pwb;1[X40>qɶ\\winl6G]H̀([yM];1YPzz*4@&h5TԬW~>hZ\Z\"SیQ!\Z$TΊ`C%Gjn#)\'?,S͏~u2!ms{3*>h߸h?\\ѥ,rܩ\\[qx+[N]\rj\Z<ݼsY/˧]FunY5\n;Β|lme]5@f9mٔ,2Hf^`Pʷ`%F:y ItEp7y/߂ǡz::n~apwq1525\0x|UkuS\\R^eXJ3BH/B1YGd8{,dG#UBC7)ӊ^sM`uz4<oծS͹AsryV6\"qh駩uٺsm۶r^k4B>fRyLcTrtt_mPY,\r镞	ٹd#%BAR/6YyoM6հ:Ͷ]mc{HmbU xgLat]oiՌpqet_NWĦ/c7f\0oaGp\\_cHTYKfԡ3\0Egf9ӧRʸ@7I}LݣXE4.~3<oOf60(,Mj0q٬óM$n9ZXƚSʈ:u[h#\ZpG0&u6>A-\\\0u#Wxw򭵡.mk̹tH+آFQ\0pV3q{qod嫙SG{q\'kC0d)J6+EkǙ\n$-s>a1\\N\n|Ǌ/ͺ{I8(P4UbHicқŽou%LFmL~lv`G\0i5` c.^\'\0}[,Sk[yb2(*MV2$lvU	uElDaɗ:yry\0geݙmo\nR4rµ\Zq8\0?\0oFGR웄͸\rͲrV.WY^/~2)!\0GێFS8[t.f\0Sw˙nij^9 x	S2{q˴sm[Im .MF~yCP\n4wPks,S	`UOȝʘYZP\0V)m=?E)@DG$CM͖j3ǹAȑ3R=F8bmN.R$OP4,\0O2 b\r *̮W+%u%V+H~ec)\'YڶŮ6m^d4ƘAXp5f96Ȋe<a@ ~rh/L]XVAV%*`*r\r\0Uj=5\ZgkiguۥX\n4aTAT\0n9zr5\Z(e#%]wNu{f7hnUܥe!`oO\"K\r!.kryQ\"CaCط>sEbw#Ki擛pJhH݈r|&㲙m^;%th}063Z**r픂G,nڷ4a\nWߊkO*x$pIF+*ҵYs 	1\nw9ݠ{MghQt#F4<p7\'}2G˖F/2\'T|[*yfC7{_\rkw,cPd{~Y2*_V#}6ѼMckEq+_ßhə^Mn>#	yʕ[acs-Uݵ0 _`_f5]ydQ\'bponR9q+FU6gDrmSl9ip\"E	l7;afjJ-\0\nR)nBZbD$e45vNg5Ӫ|BLǦhX@qπ+ח1Db= wn%[ԮYFyym_ME0-\ZMrn\rj1DP])^smirqsKBi\ZlH+D,\\^] -9@N~sy[>1\'O#FY\':=T:=1B­2:\"e,y_C+M1x׉ώ\'۷v!Rs&2CGI\nVTq\Z	e,JtgTu<1LEp}vg~_a#_`TcZ:gh2^$?tbEV?:o gfYdEZgM]<ߡ9ᴰ&;IDaxg妓IGU8ZeHِȱ*EIQѰ{1uY<W煦hĪ█c|1[\0P\"r$S{ˀpJi@˚;8nVD08¼>}ˤwk+AQ$ěxΦsU_-7DpEk\ZËtnvCPx/X!ݷao݊!,OSviQPin9{&5ei׷r|RǼ炲=WIw\nG:\\Em+d,s,Z\Zj\'m6q$m\ZHAsFĮZI9s$ɡiri\nǋxWͣQĬaLTmecQVlٖ\0/u6edJT\05f5\r*1YB[AJ}DH3O\n3ַDE*fV]zOyޮHaսiAfe>\\{ɀ,[ħ>\ZӸQOV6UDƔq\0qPkpJ9QqOv)nV#IW&݊Kinm݀7]vir;ݼ+/J4VchyB540ICM$wp=b{Ui)t[-5\rǎ\'u3^΋YCeJك*MCkwdJ@ S.\r77Q%kxP4U\\i!wnUw]9=CMS@誦RS(\nr\0r:5K.oI$2so(\\$wȅNzor;JIf\">T\r\\U<[YFlJꩰAcmͷx%{z1bv5ii}	.-(\"\0cu*j>M+٧N#GZA9Uǅ1)Zٌ	j9n7{$\"nR;{H\\]4gA:\ZG͊l0\r,G,挾#=+m[zd.ZNm\0ɺguw]c@XOI{ۮ@J,D}ģ:uϸ˵ͫr-;1![N\0Vn7KŽˣ#MJ,KrxkrA\"KLZrU,]<1դ=ys%:	RZ=N\ZfGech1D0Om$z㸉M#Pmtn+Qk[\rWv@?>P\\õ{,ѴR7RR4&x~{IoȖRyt\Z;Զ^PT\0\nKFi>\n9p#Λq^稏h&,qFo ;Zؒvvݳ]`\\Ƌ͡Ы_|]R!44M)ԲՇތ8%_m7+VƪRM1798Ws6pCNEGEE$Px7D;IybI&>nSJCT&\0u#>`qmNnJ.ed̨M%i0ǎ9#zccCu=Opo#3Qh1T|1צ~{7R*Ƥh[ßk{YȒB+k2񧳆;iDvNw,QҠS]p}yJ~Yf\0]#S;mI-}u_l hOe\r-ۨ,DS&&~8߿0Vg\ZP\ZĠE1|,}X]>kw!v%&UQWFxX]1zxK\"{YB\n\"*fK[,AY4l\'0nC1\'Xi1~6v0,b4Ȯ4iΗKI\ZFm\'/qh^킙mxdU:sEoRɯ7${봾Nm\0xEBAP5a_U0es\"bL̒@J%,t%m\rewwP h\\t>h>藳؛q.UXۦI`D잲7ar%\0P]mtj\ZF1}cP}vK+@w0&bloX\\ƖL2T;	4eobڮUܮ}\\դ?V~<pj+}GeGIb]3%v\nܐB.Z}VC5ʫ\\.^89Sx /\"srު!:AT[	o[_MGPhʰ׷\'fG{dsw:O#q϶Ac 4\Z(S9骃_?SXW*r&c0t%.tqZuV 7-=B@I.,Y15Ճ!WLŵսokQqU\0S:G֪pÏFy]5ߗB\na!QGbޮ]E5SF~k/Q6㸬;p71ioKy~yXP:zU㧞GkhO\ZfW+TwP&^S1z?Ozߎ4HuWW[l,ְT;E/s\02tJяVwkM{VWIa,b\\#\\D/8KJm~\\zbTeFWtЄ\0F[\0[qk[xC<SPH{[\Zi6IDW)ZfrگKnm$Kirc~Ocmf|{xRDAS톮`kt,m/%*BZ\nW~9k٦Fn;oC۵d-J%QyەN[pW;IUcZi̤Nᎍv.{۷GYMɉJ,>et(ڹ]z\\Tjֲ+4[H	Dф݅C6;isn5y֒,fKvr9uea\nIF<_g`x&e刁_7|{H㻁c0O^@.3<2FC\'}ĮЏ}>*$	||p\n|+4efc\Z\rק-ow^me`嬢GJS4Yajoy$M:=(z?0j!?ˏ?iiԶFװ:\\?z3>97V,۾֛)ZYqͩ\0ݸT\0ڮv=x_zQV8±<ڙ|,ٰܭ,V\r\"RYivcwv>LCQ\Z)eV`Q	bySKsum%p,ұ5jC\\xfճjuݾo0&ki=Ri)?N:򿴫/Erkn2ߚF*q<.~ޟD]r974(xO{Gmr($BDگ+Wuh\Z(j;q0u^`Md~ٖZf8⛘)SACJ\0<	[\\Svw0ᨕO6&doxXaH2tJ*^}ˎ}+0[pQZf?Fm03xD!H\r}1[8i$YM&HƍZ\'	.\'y%BĆ|ptfo*8xq=y4ZZ]E\0#44c^j,cP֫tkx6\n۞X]ǗFdݥ٤XS%	b7[3}SIqbJM2iiv~l點,W|ovVӗ.y]NPjįc?oLbF[bR\0\0\06-H?LoB8قRz#3\nf.[xl9\'I*$4 F\ZSg94[:lBf0fUVUiYt3U\0v]v0jwT)@5\ZS:atNsI\'3Jڵ\"Cjo5|#Qoip\"sOvxG\007QNs$E4#qV]x.j$i>Mcn԰gdf\'ίGŪpa}tˠX\"aMw}E	*\0_e Q{iqYo-6{Y.1<u=,)mW_)ⱁۓ{qH!r%K[Q9Wo31X]I	Zm6JcDjnUR rHZ=MÅM/ey7-m\'0G, 3jƮ6@&\\OY؍hҰP-_Mv#+UamoVz`b$_ۚ_1m[I,I6\0z2g>(E0Rm\0,=V/	Ou8qi\04r$E3C4.#޾3Ƃ	1n-_%	wbNݬ7\0u}ony5:Z(,{ު.dѡ+Y`g>{GD\"Lj>OI\\\n2q٬rfU\\%kV\0>c#]cuWWcTQ_\ZJ.Wiͻ2=\0TOw-m&A#}1\'G	ɽC05C\Z3Y\0Fo5nDr\nGs.{ =\\\'ȿ;\0\r5Jn{ԗuܹq*٪J~\ZhVw7ݶSXI\rdj#!Gm/\09ivMndi\Z#*ˎ]v{宲oY59Y%Jj)rJGa#[T>kN]=lF3+(̨5}}~F\rI	qBxANã]rs(\ZW5hoVw%#AhBu>6죂K%iQA3<FVn;o^n6vN^i4*u;e(G5 pPֹ?1oˌGf~-8@1\r=C3.0V=趒%\"\\!41)֎۞G1I44CjX5$gL[Y]K?=Ev)y-A/t\'(\ZۑQx!$Q[\r>TR*V>\'k6\nmK3,@1|q9:vT==#E\"ѢV̕U#7iZކ[H-iRXTHLxهD}{FfBh#z{X[jўLRV2ZPF>f%RջeHt$:i$4n>X$=oĖ6\'R͍{u9z_{zkjZvm<-Y$ugE	87_];݈7VJ9P=n\r-tJ΁nW%okcv\ZuLFu8E-A8=䬮ѨS@6mxnbv\"i	I|_r`׆4(gj12(YZ=?xeE<YdcFOqfh}*ĊWeOm3seJPSᄓ*1.x䅼d<;arl\"!#0Ny\n5}G4nA!\ZÖ:\rf.#%LB(Oߣ.\Z$kUB%Ⱥ!֬e}Hٵ\0,SS[QF#{*`:mn+p-4rHwM^?+c\',\r{[ih\ràσw뢞-Di$Xr9RoYjO͖+.6wI}MԺf=պ|	n[Gt0:܉GD\"rӎmn\rwΔO?Zφ%=;ƒme%ixX=jPi\rӜ<֖qfq5d*)U>V77Ӥd嶉\n>[m\rErYg羟%R5Ck_&{)d5\rQLtM]1А@EȴNI4/\rZvHyFgpaΫ\r>i\nw͇nL-G2~9=J`dJŘ,}w;HCu>w,\'Kcl<)_J(%\05usz澺6Fdw3]	،sc(nG$,c{f<Turc;u\'I$EXDup@5l:p	<nydUJih[d\Z۬%2\0\'/wst0Ky*C%E$q\'an+䧖&\rF\"͛R6*\\#\\Uxspݙökmڣ1\Z~l2kNڑ%Yy2~$1\r\\+`&t]Wz~+gmV^񱶹#_5K+W?A[F\0;$p\Z@Yc\\uq韗/^N]%7,r	`?_3|Eruqt?3E~aarAog^\\Ch̓ʑ,ikwj~wHr\'L_	WV۲o[\'=dpe]?[_\0vԶP4>}K\0XsinYo\rrnlJ$nIY&ad\0?\0Twߨ\n籵 9]7ߎ;%\r][FrI%Ɖ&1\"tСɮZGokk!7ƒۺrml6M5وъ>k%̒\"lP5ˁ4[\Zj\rMh1[?\r$lKyGOg;R0+صW`q͉@=\\9՟-\'x\\G*.NXhg\\6kr6QRI\nI,{e$ܻwѪ0cxLÂa}뎆Ɇwٲ8kZ2\\\"RrڤWE`OyDɬtݯr+HS#D(\\4ҟoWgdwxNL#Fh✶uG\\LX8\nI\Z\rU];6{u29.yUx\Zp8!&ouv@[x\nCx|%T	-]7\n9\\僪jLHBiSuEY[]9h%]SԱÏ0*6)5VΛ\r*H!o92-zWEo ǦApssrؚ)H\"4<Ԓ,ZУ#8RܭZ\\Elw2pčA!,WcBKKM`&C,L%Cn [)jiͥc*h!%`Ymڧci(OJ\0`,ԑ`pa/SI4rkj\Z{ˉKeHF\0ҧ%W1jrٛs$ZtLG=@ǆ!*MNۿchtPKP[yN\Z񛦻ccmaI:#1\'\0+)	c=auܒ.Y|Ҥ	ī\Z[mjt/2Ww;NK(u[@ihB~}sKwvhRKۘ=85~\\l[>)KuZ\r50mQ7 .mP2j+\0jxI\"i4F0dDn]t3Urp \n72,jdVlͳO$i9t&*ըּqϾ\nGyL#+*9wVm(84bUQ9a/bҬNbkP57[-\\_o+5	ĊWtl7sFmhUSI1v/Vb#5Yxcy{\r|YSEPxg,r/Y\\56gd;A.:\ny37oi*.oPu|8Y};15\'ը,8Z;rRe\0%o\0Q͡&	k4LƪܰP-C<Gsݘ+HS\Z]2xbZ_)ZP<enVT]*2t՟Y7;|$d@\ZROѾq;^8y|zX&L+\rr\n5}P\\oF1}CSeqҚ?N#YIP8ca[sU&cRM,M}=Ict^)jaı\'o\r^`6YRf[w粒ˑƒ>%Wōf:?OR8 S۶iWwYnd0C taӨ>\'h{N/CA/61;-԰H%cpW\'*=prsl_˴=rڢJB1ONur)RN\0o-y6-iu4Bo\r-\npoL_\n I?TK$&K\'幒n,ede:Hh5όm\Z<\ZSFJԋo-0jj$pWNκh\0U@\0?H8oB`mXQ$y@oUr9fq\r_=.޽K\ZgP>zI|KAxѦpYf(qId>]hd$gb]rZxg7RR;A\'bW\\\\n\rB)5x*TIZ2W8qjv;{ZZ\Zpj%aBӓK,׽1Nw:qٞ/IO~[k;@n\ZG-<GtYdRV}aٲu%u)2r4}1Y-q;4y[A{\0\"1spYatFgљDK|$F}>a~b]iiK⍹(FҌPWҥ}E*<Yqe.KmRǯEuO<qb[ǒha\"/4Ho$gO諸h{xՍ0ɦH*3\\Vҕ8*+;+hܬ9hIX}4Ý:K{PEӣNW-)F.l\rPI3\Z(}cW\\fLMcGK]BXc$z?dcZ\'όwjeum]AIc\ZG{\0MK+Eh$U$\09MpΜަixTnVE\n\0W\0f\0n`#@%9QXKn9<	É.*|X)mFcW^\ZX%4+E\"&\'BV#fmi7(75@W-MNKyHijeUe#P*k@;YT#(i\"r+WhgY$h$Ő.uNsjW	**&W\Zi9-X#vhϵf+$O/8ѕ	+V4-&ד,!%aspE֠&ogkK-:]iR\081oHrlep\"q6[|qKJm}Kixa)^.8ѯ1ԝ!IțJxK|x㟖<0oQħ4%\nw9mIrl$\nl44ӯO$wennXAJ6TGIvH:	5;~8L*pܠc!1\"pٔ..`.\"W)NCc:Fbm+;\nxÍ՛m<N	Z.X}i{EWmo!+ 2}lԼބHH0؇i5Jk*Eʒ+M\Z\"Xic0-cٍڠ9.$&Kf^\0GD:{fy14/{R]E#K\rGSPio\r^}^Hckȇ-fS 	*mY[bE?F2mrYC:_{r1e:NӋ--GoSD\"!D0iVWNiU_t踶c5U4G_]1Y̛[47Dy\\SFw6XԈ\rD*o@O	d[YHAH:U\0ř2WZ2K{ȷ3ѝ&VAjӈp7uI^99:{b~[h`L9bڋVMy׷SJk=nI\0Ss=¤h?j=Ϥ[+m%f7&o\nVPkC^9ָwZ=~c=R&BQx9UtݗmHc$ݖW~]\Z\"(ȩc1˲n͹[=\00SB\0 qnSۭ!:dԙtr~Xs\",gZfh8\n4PT!2Jlr]A\nЀh\nؤ[]>۳FѴ\Z#\Z@Ic}s~]3_ͣvkɽDR=T&(N]v_ͼY\\՜r:F$Y2~9iOH,Q<]%]풙PDFddo8\Z,V\rϺ˹Y+m|5`B2EVuG\rv`֪FHas,9zj0I9D kl	a\'8.	Qpqn9QOuk˂yoFԴ\044Wuk[gK,40;@hёS:<~!ybܥ	}^K0B \n*ī&_i3Ȼ[K&(4+!U?*gP̣h{t?wB&+ke,-tjÄAa޷4vc.k,gՙx\r)iki\"#ƒ+~9Va{{)FrǍO81~]muMeQ~a/49\'Xԙyu9Қt]ole@jV~uj>݊lxzg[ո[\'Fi,Cje_o(Ey wd5MF\'\0KF (]NJ xV*Sds=o G/k\0T1_k~\\+\\dK*)G\'^}~o|d\'umtw	֜8th :kĶNiYLlP^e\0vIlt1BX&0OND)Z|n7pLr,ێQ]{VQBNSf5p1-2f$`\Z$ÍӮ\0ӛ*!֬&b>&aG-V_c{hU^ih#\Z_-sYwJmS#wYӤ܅wD4tGķ\"WS1-DQ;p|wPJgVSP4%Nyq?XtOOs,#O\ZEu3%>פKH;WN㶆)\n?+\\l5h쭠EDqYyԶPqmKAUH0~i5GM?w͇(m,{a{<50P-;*ܼ:_9(IUM{BZ$v\Z5;qjlwՓmv̺Q	O{s{2A4**uF}7&/E2@1ᇟ\'+&ˈeDP, I#pǵ1?rcHW3\n1VHQC\'~ORRFWG\0}xϱhE9F4cj|Mpߗn6~%Ya&귅ÄtP\r_?k6.ۅw*atʃV>ZG\"cdLu{Dbuu՘NUj\ZՃ)9+/zOa>\rtۍVKˉUsTqN\Z#|sE]\\/% ʃ4\'j%`M\")fFqEח?c܈hM@i]3i\0\n|S\rP`1<D\Z]gΤA7WR\"9Hr\0V,ޟE\nnvm$*RM=اv)fTl.5\Z+D.$\0L<}Y#w̄k;YN\ZɆOyA)&Wh+HvV9e}wKv7V8_CrVu6s؝ٞt2m\\_!Ą,\rʬh++X8ԫV0Q[KЛJT)inV֓&k\"VAbwBA{a%Ŝ!VE\nQ2Y{t}WUMϤ%mPR	BGvG?6u=ݽѳ%Ċyh\nF|GzhZt\rυm5Y%\"5\0ݎMRjYCe!SCbwBB%{yYO+4CWKV&v{ޛleɉmc̥^%TV50L6U(HiUh([M\'.<\"RQ4*2,eGSAgy=eX+]K#,G@\\[X2y4|ry,S7¨mSn)I{\rdkԍ)\"$F(ĺ2=lbG\Z{ڧ	ؖ2i<4k\"\n\0+I6cA\"}XMIc,B7ԩ9v)̀1ZHcw.UpÇ0v{4[ɝ6FO\'a\'KNq7P]άiTƤ\r<[|Et(\'%!r6#ǻl\r>k\"\0.헆-j_A#}	\0Mt[lGvNW2)8:\Z<lW0|7$I5=	gzv)hZ}xˮL9A2ޕF\Z\0gcKQ|4Е«\"H˙X71;A%H\nW̹>/n7\\+(g{ 2D@-|n{P !><+2G]{1&SM4%͙|VX]K0\\.-bIJFoZm\0C[kSSC\Z\\\0\r0N4Uq2K%\Zgu06	5HusbPkV-{\"lΙ,TyoӖӡ/wn[\0|BWIO6XP#UPQ_HE;;gf\\KR@ ÎX=k)u{0E@9q-RֺSm[}(-VM@}c`-\0!ȶi+ft7n8vQ]?4,H|}q\'K	7.Y@ZX+,PB5i]Z~#C=+;	i\Z$pj1a%+sr^Y P!*Em[^)90sdrH4դff)&~ճ4L@I+V\rJ>QمJ/V\\*GFa\npK?׉I.dʑGv2ðQFSrNtHsES\"X]|X@j`<U;0vNݷ)^81\0P)D5q{_;\0G\0HSr^;W֡V%T]]>Y?fIsʖX@|N\'X$N~fB09#ߊMc]2k	\r4shV!Q]$h5_77Bb!V0!V]a5vDbj+*;I%uK{MY9Ֆ7C}$y4	wG٭ C84\0\rmD#675,8{qʹGQ%3&uXܸD<\\PG,FvMS3[_m	ͳ[ ~br̒;F{+qL2t%6GiQⲼ@%Rфsp\'~t=\0n[MXFwU|ؼsIGjuY`HyVEmo3 xDVKm|7Qf]fxcZtMKp\r#H)\0kmcH1hJ@n52u}4HBl*cL;$\ZchJHPF\ZPoj,^	\0A&E@\0ar^mdW?GeHw#riw}k0I&|q+OFufQm\n9J>-M9mW-eB+sZ6WTu/_vYKDCc	DvKRMâ*;\Z2L-Jݣp[-CtAwqvJQF\nk\ZE]d{\rكTNiM%2\nw㣞ޛiy\",1άʾUhJ0fh=ͮk20;G*1W0n\r#mr>.UWtxR8ơS>?8cX\"2bPj:i[TԏY۴ot`YA_ۄD\'ܘ(h{qRVS0Ac%JJZ==Sdy5vk3\0qƟVi\"Bm2_{n\" \0B1\r.ƍnDyNCE\"V\')*}G}匮dbYڍ+3\rڜYXbKkR]ALJI En{w^FV6n1Pvb3~^tگz B\0m@\0+Z@-ZorYҷ{ ֬I>ItҦa0&N~gI5{xc,\0јՈ?þ[v,q4W n:gX<Lͦ#T֕_eD0)bxZ>g=Pw\r_\r*qoZ$߶`Qˤ\n13B]C<qa_T֟;ñ{RˍE>%No20,0ǦA0r&7om[t=Kkc5ŶVn iَ|7+6חwz$\0\ZVSvKx\"o2;ҿnO]Vgdb{?#Z^wk`iDQbyOfw+ousX~ut;{1A,V-Zhu7bx.gOw(ݡv{1i%R+Jx4.npp;Ceųp!xd\"Zv2ELaeB\nuzg I~>*oLǀ+r:\ngO0$VdGL6WC,*@z?B۱3VRRO	pޏZKZZ{l˪!>J̧<a(ٜt]j7뙦H5\\Yvz_Yf\r8%{%YN喈\0pkX21b\'MmVΧ7eiqHi$_@&v͝#ܱ{u2X\0w]t:e\"􅅴Z8e\\}8ֺy7++a-049ͦأ[vgquagqY[id$4:CF´廯نp]\0FX3A`TռZˊjEZCh7!S`]ĨG`/Q\\4e 3Gi%U\"MPiŎZ\"̡t0J%!V!e\Zf*H~FvIwh&Xe lb53t)bC5*HHYUQBuHUbluWWI\r}ϥ.lboeƎo\nG0[Q=x/ebK~XrUƲ|Ovj{fBd%R+2.j$̬qSyRG\0#\ZKƶ TF?04<\nCRVO6O\nUا	[TV:j{+D8DUkmҠCU0)6)sV4d_F\Z;YkL.\0x\\bmomŷR\r\Zu_|Go&{@Q9F^t.d	oYۗǸb{q,;s:==A}U<%VmwͮX!%˥\\QjT{qDZrl\\C\\rq4g619pJ-5Fljc@jhx\r_ڷk;u+Zl8Yel/I6JLGF+Ch%4X*o?T5֚Fe>jkm&Dfk$_Or{+r_̳ɏ}K;#MXMKܲvc!uH,µj3Cɖ76F˷fvg[ y-P@*i<AQ@qӿr1=HsC$fNHI_5qþR=;`Wݚ\'ms\"%*\0Ou}|nI\"r .e[uN	Gp(T fFTph^o[\\џ#UƇ>ͻ󤸍\r6`\00~\0E]~O\rF<\'?1=8ڜk{Vhd4{n#OT\rc~h	&pXV?7p5Gu6UhǄ	t\Zme_Ja0=)m՚iDʆ:>:xSu6Z޻__5{4bܿ/!4r뮞Yͥ}8ekS;\0N]tO!\0m4u׎cf?5ӯM5}d:F?V8/OX~nZu-1/M+LEMq6K(zIiN0xS.}w_1<Z<U?V7ˇoV_xs|dȴzy\0Jv_[s&y=#}r\0L3ҾU:iOOUg5s4]Ç1ts)\r5e+yګMӗ_s_Q[z+S<5sy\\:}\\ʶ./7\\k<Z/nҷ\'\0rڻy_g0O]}?y{i_\r>_܍Pz:9Ük\Z}%\rϗQ\'7uzį*\\aqGaOzʓNf4strW}$\Z}OMݠztZS.C\0v/̵g~Uy;<=:a6m֝=9yk+~arS>^_=y\ZO7/᪙֔柖\0s)_OÉܽ/u~_uiypo4?FYsyO<k{/Q7V^Z}*)yjkf|$ӣO_/f7<<|\\Z9+=kgA[sjMpyMbA\0rW3OiϿnz\0˃OG3䦿\r?ۅ\0ju\0m5S\'\'V:j;aKG>_+h]?ܧ8Ǖ\'	}ǥ\0}Or_ˉmVz^o1,W^]1-\0V>w+}>\0_FV\0_/gݜ3OTG/N6&~[oWѧկN^mYW؊wo˯+P>NgN^FXZ9\0W7M+⧛/YG;r\\WMtgA=rfraǙ_sxi9wL)?ߒ=G;E+_6vjgS?=skNҺ3S)?]/qV/gj-\0_I_7ǥWݗ~\\~E%Oo9z\ZL_\\/r?\\O٧ۇ\"ɫNt+Sҵjѫm1Ӯ1Ywsd5։x5rsttkuY]ir)YWpщOǦYkkʿ9^Gi}p¶>2uU{+1;?+ҵx5k^Wy|<{kZ/40\'~>]OZ9\ZîkqyF}^S8?->pv|s\"si8&]ktF;o\r5ivtuwE\\z7nm+yiy^fV/Ṡ\r4ӏo\0K_W맇FVgo/0yJ`wh̴PƼ2L}X[##R^u9:?U)GoW\"\'Z^M5}~*}XClZO/We4\0n9<=_ \0SU}O?',63619);
/*!40000 ALTER TABLE `images` ENABLE KEYS */;
UNLOCK TABLES;

--
-- Table structure for table `likedislike`
--

DROP TABLE IF EXISTS `likedislike`;
/*!40101 SET @saved_cs_client     = @@character_set_client */;
/*!40101 SET character_set_client = utf8 */;
CREATE TABLE `likedislike` (
  `like_type` int(11) NOT NULL DEFAULT '0',
  `user_id` int(10) unsigned NOT NULL,
  `post_id` int(10) unsigned NOT NULL,
  PRIMARY KEY (`user_id`,`post_id`),
  KEY `FK_likedislike_1` (`user_id`),
  KEY `FK_likedislike_2` (`post_id`),
  CONSTRAINT `FK_likedislike_1` FOREIGN KEY (`user_id`) REFERENCES `user` (`user_id`) ON DELETE CASCADE ON UPDATE CASCADE,
  CONSTRAINT `FK_likedislike_2` FOREIGN KEY (`post_id`) REFERENCES `post` (`post_id`) ON DELETE CASCADE ON UPDATE CASCADE
) ENGINE=InnoDB DEFAULT CHARSET=latin1;
/*!40101 SET character_set_client = @saved_cs_client */;

--
-- Dumping data for table `likedislike`
--

LOCK TABLES `likedislike` WRITE;
/*!40000 ALTER TABLE `likedislike` DISABLE KEYS */;
/*!40000 ALTER TABLE `likedislike` ENABLE KEYS */;
UNLOCK TABLES;

--
-- Table structure for table `logs`
--

DROP TABLE IF EXISTS `logs`;
/*!40101 SET @saved_cs_client     = @@character_set_client */;
/*!40101 SET character_set_client = utf8 */;
CREATE TABLE `logs` (
  `USER_ID` varchar(20) NOT NULL,
  `DATED` date NOT NULL,
  `LOGGER` varchar(50) NOT NULL,
  `LEVEL` varchar(10) NOT NULL,
  `MESSAGE` varchar(1000) NOT NULL
) ENGINE=InnoDB DEFAULT CHARSET=latin1;
/*!40101 SET character_set_client = @saved_cs_client */;

--
-- Dumping data for table `logs`
--

LOCK TABLES `logs` WRITE;
/*!40000 ALTER TABLE `logs` DISABLE KEYS */;
/*!40000 ALTER TABLE `logs` ENABLE KEYS */;
UNLOCK TABLES;

--
-- Table structure for table `online_users`
--

DROP TABLE IF EXISTS `online_users`;
/*!40101 SET @saved_cs_client     = @@character_set_client */;
/*!40101 SET character_set_client = utf8 */;
CREATE TABLE `online_users` (
  `user_id` int(10) unsigned NOT NULL COMMENT 'user id present means online',
  UNIQUE KEY `user_id` (`user_id`),
  KEY `FK_user_id` (`user_id`),
  CONSTRAINT `online_users_ibfk_2` FOREIGN KEY (`user_id`) REFERENCES `user` (`user_id`) ON DELETE CASCADE ON UPDATE CASCADE
) ENGINE=InnoDB DEFAULT CHARSET=latin1 COMMENT='This table tracks presence of online users. Entry means user is online.';
/*!40101 SET character_set_client = @saved_cs_client */;

--
-- Dumping data for table `online_users`
--

LOCK TABLES `online_users` WRITE;
/*!40000 ALTER TABLE `online_users` DISABLE KEYS */;
INSERT INTO `online_users` VALUES (4),(5);
/*!40000 ALTER TABLE `online_users` ENABLE KEYS */;
UNLOCK TABLES;

--
-- Table structure for table `personalinfo`
--

DROP TABLE IF EXISTS `personalinfo`;
/*!40101 SET @saved_cs_client     = @@character_set_client */;
/*!40101 SET character_set_client = utf8 */;
CREATE TABLE `personalinfo` (
  `info_id` int(11) NOT NULL AUTO_INCREMENT,
  `about_me` varchar(500) DEFAULT NULL,
  `current_city` varchar(10) DEFAULT NULL,
  `user_id` int(11) NOT NULL,
  PRIMARY KEY (`info_id`),
  UNIQUE KEY `user_id` (`user_id`)
) ENGINE=InnoDB DEFAULT CHARSET=latin1;
/*!40101 SET character_set_client = @saved_cs_client */;

--
-- Dumping data for table `personalinfo`
--

LOCK TABLES `personalinfo` WRITE;
/*!40000 ALTER TABLE `personalinfo` DISABLE KEYS */;
/*!40000 ALTER TABLE `personalinfo` ENABLE KEYS */;
UNLOCK TABLES;

--
-- Table structure for table `post`
--

DROP TABLE IF EXISTS `post`;
/*!40101 SET @saved_cs_client     = @@character_set_client */;
/*!40101 SET character_set_client = utf8 */;
CREATE TABLE `post` (
  `post_id` int(10) unsigned NOT NULL AUTO_INCREMENT,
  `timestamp` timestamp NOT NULL DEFAULT CURRENT_TIMESTAMP,
  `post_content` varchar(500) NOT NULL,
  `hascomments` tinyint(1) NOT NULL DEFAULT '0',
  `user_id` int(10) unsigned NOT NULL,
  PRIMARY KEY (`post_id`),
  KEY `FK_post_1` (`user_id`),
  CONSTRAINT `FK_post_1` FOREIGN KEY (`user_id`) REFERENCES `user` (`user_id`) ON DELETE CASCADE ON UPDATE CASCADE
) ENGINE=InnoDB AUTO_INCREMENT=11 DEFAULT CHARSET=latin1;
/*!40101 SET character_set_client = @saved_cs_client */;

--
-- Dumping data for table `post`
--

LOCK TABLES `post` WRITE;
/*!40000 ALTER TABLE `post` DISABLE KEYS */;
INSERT INTO `post` VALUES (1,'2015-06-12 06:26:36','This is my first post',0,1),(2,'2015-04-24 14:25:30','This is update post',0,1),(4,'2015-04-11 20:26:14','this is trial post',0,1),(5,'2015-04-15 08:26:56','milind',0,1),(6,'2015-04-16 05:04:30','This is my new trial post',0,4),(8,'2015-04-16 05:06:37','This is my new post',0,4),(9,'2015-04-16 05:06:42','This is my test post',0,5),(10,'2015-04-16 05:06:46','This is my third post',0,4);
/*!40000 ALTER TABLE `post` ENABLE KEYS */;
UNLOCK TABLES;

--
-- Table structure for table `user`
--

DROP TABLE IF EXISTS `user`;
/*!40101 SET @saved_cs_client     = @@character_set_client */;
/*!40101 SET character_set_client = utf8 */;
CREATE TABLE `user` (
  `user_id` int(10) unsigned NOT NULL AUTO_INCREMENT,
  `fname` varchar(20) NOT NULL,
  `lname` varchar(20) NOT NULL,
  `contact_number` varchar(10) NOT NULL,
  `email` varchar(45) NOT NULL,
  `password` varchar(16) CHARACTER SET utf8 NOT NULL,
  `bdate` timestamp NULL DEFAULT NULL,
  `isVerified` tinyint(1) NOT NULL DEFAULT '0',
  `isLocked` tinyint(1) NOT NULL DEFAULT '0',
  `lastactive` timestamp NULL DEFAULT CURRENT_TIMESTAMP ON UPDATE CURRENT_TIMESTAMP,
  `privacy` tinyint(4) NOT NULL DEFAULT '0',
  PRIMARY KEY (`user_id`)
) ENGINE=InnoDB AUTO_INCREMENT=31 DEFAULT CHARSET=latin1;
/*!40101 SET character_set_client = @saved_cs_client */;

--
-- Dumping data for table `user`
--

LOCK TABLES `user` WRITE;
/*!40000 ALTER TABLE `user` DISABLE KEYS */;
INSERT INTO `user` VALUES (1,'DefaultUser','DefaultUser','123456789','default@default.com','default','1999-12-31 00:00:00',0,0,'2015-04-12 00:00:00',0),(4,'Renuka','Deshmukh','1234567890','renudesh@umail.iu.edu','123456','2012-09-12 00:00:00',0,0,'2015-04-12 18:59:30',0),(5,'Vivek','Supe','9087654321','vsupe@umail.iu.edu','1234567','2000-05-05 00:00:00',0,0,'2015-04-21 07:40:09',0),(6,'Sakshi','Pagnis','8123695371','mmpagnis@umail.iu.edu','mrunalp','1993-07-14 00:00:00',0,0,'2015-04-19 00:35:42',0),(7,'Amy','Fowler','9871236540','amy.fowler@gmail.com','fowlera','1994-12-07 00:00:00',0,0,'2015-04-12 19:02:46',0),(8,'Milind','Gokhale','2468097531','mgokhale@umail.iu.edu','mmilind','2005-10-02 00:00:00',0,0,'2015-04-12 19:07:35',0),(9,'Mrunalabcd','Pagnis','8123695371','mmpagnis@indiana.edu','Mrunal123',NULL,0,0,NULL,0),(12,'Prajakta','Ghatage','9922927097','prajaktag@gmail.com','Prajakta123',NULL,0,0,NULL,0),(13,'Meghana','Shah','9011044404','meghna@gmail.com','Meghana123',NULL,0,0,NULL,0),(15,'Priyanka','unune','9890912216','pri_123@gmail.com','Priyanka123',NULL,0,0,NULL,0),(17,'newUser','newUserLast','8123695371','abcd@somewhere.com','[B@1984ccfc',NULL,0,0,NULL,0),(18,'someonenew','someoneold','8123695371','abcd@somewhere.com','[B@55f19257',NULL,0,0,NULL,0),(19,'newnewuser','oldolduser','8123695371','newuser@gmail.com','[B@18012261',NULL,0,0,NULL,0),(20,'newnewuser','oldolduser','8123695371','newuser@gmail.com','[B@de185d2',NULL,0,0,NULL,0),(21,'newnewuser','oldolduser','8123695371','newuser1@gmail.com','[B@27e0a97a',NULL,0,0,NULL,0),(22,'a','b','0123456789','a@a.com','a',NULL,0,0,NULL,0),(23,'mrunal','Pagnis','0123456789','mmpagnis@indiana.edu','Mrunal123',NULL,0,0,NULL,0),(24,'mrunal','Pagnis','0123456789','mmpagnis@indiana.edu','Mrunal1234',NULL,0,0,NULL,0),(25,'Mrunalabcd','oldolduser','8123695371','abcd@somewhere.com','Mrunal123',NULL,0,0,NULL,0),(26,'Mrunal','Pagnis','8123695371','mmpagnis@indiana.edu','Mrunal123',NULL,0,0,NULL,0),(27,'richa','singh','8123695371','richaricha@gmail.com','Richa123',NULL,0,0,NULL,0),(28,'Vishal','Pradhan','8128128128','vpradhan@iu.edu','Vpradhan1',NULL,0,0,NULL,0),(29,'John','Nash','1234567890','milindhg@yahoo.co.uk','MilindAloha1',NULL,0,0,NULL,0),(30,'Sachin','Pagnis','9922233380','sachin.pagnis@gmail.com','Sachin123','1988-02-04 00:00:00',0,0,NULL,0);
/*!40000 ALTER TABLE `user` ENABLE KEYS */;
UNLOCK TABLES;

--
-- Table structure for table `users_education`
--

DROP TABLE IF EXISTS `users_education`;
/*!40101 SET @saved_cs_client     = @@character_set_client */;
/*!40101 SET character_set_client = utf8 */;
CREATE TABLE `users_education` (
  `e_id` int(11) NOT NULL AUTO_INCREMENT,
  `user_id` int(11) NOT NULL,
  `school` varchar(50) NOT NULL,
  `area` varchar(50) DEFAULT NULL,
  PRIMARY KEY (`e_id`),
  KEY `user_id` (`user_id`,`school`)
) ENGINE=InnoDB AUTO_INCREMENT=2 DEFAULT CHARSET=latin1;
/*!40101 SET character_set_client = @saved_cs_client */;

--
-- Dumping data for table `users_education`
--

LOCK TABLES `users_education` WRITE;
/*!40000 ALTER TABLE `users_education` DISABLE KEYS */;
INSERT INTO `users_education` VALUES (1,6,'Indiana','Bloomington');
/*!40000 ALTER TABLE `users_education` ENABLE KEYS */;
UNLOCK TABLES;
/*!40103 SET TIME_ZONE=@OLD_TIME_ZONE */;

/*!40101 SET SQL_MODE=@OLD_SQL_MODE */;
/*!40014 SET FOREIGN_KEY_CHECKS=@OLD_FOREIGN_KEY_CHECKS */;
/*!40014 SET UNIQUE_CHECKS=@OLD_UNIQUE_CHECKS */;
/*!40101 SET CHARACTER_SET_CLIENT=@OLD_CHARACTER_SET_CLIENT */;
/*!40101 SET CHARACTER_SET_RESULTS=@OLD_CHARACTER_SET_RESULTS */;
/*!40101 SET COLLATION_CONNECTION=@OLD_COLLATION_CONNECTION */;
/*!40111 SET SQL_NOTES=@OLD_SQL_NOTES */;

-- Dump completed on 2015-04-24 21:26:30
