-- phpMyAdmin SQL Dump
-- version 3.5.5
-- http://www.phpmyadmin.net
--
-- Host: sql3.freemysqlhosting.net
-- Generation Time: Apr 19, 2015 at 07:02 AM
-- Server version: 5.5.40-0ubuntu0.12.04.1
-- PHP Version: 5.3.28

SET SQL_MODE="NO_AUTO_VALUE_ON_ZERO";
SET time_zone = "+00:00";


/*!40101 SET @OLD_CHARACTER_SET_CLIENT=@@CHARACTER_SET_CLIENT */;
/*!40101 SET @OLD_CHARACTER_SET_RESULTS=@@CHARACTER_SET_RESULTS */;
/*!40101 SET @OLD_COLLATION_CONNECTION=@@COLLATION_CONNECTION */;
/*!40101 SET NAMES utf8 */;

--
-- Database: `sql373425`
--

-- --------------------------------------------------------

--
-- Table structure for table `chat`
--

CREATE TABLE IF NOT EXISTS `chat` (
  `chat_id` int(10) unsigned NOT NULL AUTO_INCREMENT,
  `chatContent` varchar(250) NOT NULL,
  `timestamp` timestamp NOT NULL DEFAULT CURRENT_TIMESTAMP ON UPDATE CURRENT_TIMESTAMP,
  `user_id1` int(10) unsigned NOT NULL,
  `user_id2` int(10) unsigned NOT NULL,
  PRIMARY KEY (`chat_id`),
  KEY `FK_chat_1` (`user_id1`),
  KEY `FK_chat_2` (`user_id2`)
) ENGINE=InnoDB  DEFAULT CHARSET=latin1 AUTO_INCREMENT=124 ;

--
-- Dumping data for table `chat`
--

INSERT INTO `chat` (`chat_id`, `chatContent`, `timestamp`, `user_id1`, `user_id2`) VALUES
(105, 'ssaassa', '2015-04-18 19:48:10', 5, 4),
(106, 'wsasassa', '2015-04-18 19:48:16', 4, 5),
(107, 'dhjdhdsjhjds', '2015-04-18 19:48:43', 4, 5),
(108, 'ssaasssasas', '2015-04-18 19:48:52', 5, 4),
(109, 'wassssuuupppp', '2015-04-18 19:49:43', 4, 5),
(110, 'ginaalooo', '2015-04-18 19:49:52', 5, 4),
(111, 'hi', '2015-04-18 19:53:16', 5, 4),
(112, 'hello vivrk\n', '2015-04-18 19:53:37', 5, 4),
(113, 'hii re', '2015-04-18 19:53:49', 4, 5),
(114, 'wassup?\n', '2015-04-18 19:54:01', 4, 5),
(115, 'Wassup?', '2015-04-18 20:10:12', 4, 5),
(116, 'Chinkaaaaa', '2015-04-18 20:10:21', 5, 4),
(117, 'jskjdakd', '2015-04-18 20:10:33', 4, 5),
(118, 'Chinnjsnjdssa', '2015-04-18 20:11:23', 4, 5),
(119, 'Hey', '2015-04-18 20:42:15', 4, 22),
(120, '<h1>Vivek</h1>', '2015-04-19 01:30:10', 4, 22),
(121, '<h5>Hello</h5>\n', '2015-04-19 01:31:07', 4, 22),
(122, 'message', '2015-04-19 01:37:49', 4, 4),
(123, '<h1>Hello</h1>', '2015-04-19 01:38:27', 4, 4);

-- --------------------------------------------------------

--
-- Table structure for table `comment`
--

CREATE TABLE IF NOT EXISTS `comment` (
  `comment_id` int(10) unsigned NOT NULL AUTO_INCREMENT,
  `comment_content` varchar(500) NOT NULL,
  `user_id` int(10) unsigned NOT NULL,
  `post_id` int(10) unsigned NOT NULL,
  `timestamp` timestamp NOT NULL DEFAULT CURRENT_TIMESTAMP,
  PRIMARY KEY (`comment_id`),
  KEY `FK_comment_1` (`user_id`),
  KEY `FK_comment_2` (`post_id`)
) ENGINE=InnoDB  DEFAULT CHARSET=latin1 AUTO_INCREMENT=6 ;

--
-- Dumping data for table `comment`
--

INSERT INTO `comment` (`comment_id`, `comment_content`, `user_id`, `post_id`, `timestamp`) VALUES
(1, 'Comment 1 on Post 1', 1, 1, '2015-04-11 20:54:29'),
(2, 'This is update of comment', 1, 1, '2015-04-11 21:23:44'),
(4, 'Comment 1 on Post 4', 1, 4, '2015-04-11 20:54:34'),
(5, 'Comment 2 on Post 4', 1, 4, '2015-04-11 20:54:35');

-- --------------------------------------------------------

--
-- Table structure for table `friendship`
--

CREATE TABLE IF NOT EXISTS `friendship` (
  `friendship_id` int(10) NOT NULL AUTO_INCREMENT,
  `user_id1` int(10) unsigned NOT NULL,
  `user_id2` int(10) unsigned NOT NULL,
  `friend_status_id` int(10) DEFAULT NULL,
  `blocked_by` int(10) DEFAULT NULL,
  `req_sent_by` int(10) DEFAULT NULL,
  PRIMARY KEY (`friendship_id`) USING BTREE,
  KEY `FK_friendship_1` (`user_id1`),
  KEY `FK_friendship_2` (`user_id2`)
) ENGINE=InnoDB  DEFAULT CHARSET=utf8 AUTO_INCREMENT=12 ;

--
-- Dumping data for table `friendship`
--

INSERT INTO `friendship` (`friendship_id`, `user_id1`, `user_id2`, `friend_status_id`, `blocked_by`, `req_sent_by`) VALUES
(4, 4, 7, 1, -1, 4),
(5, 5, 8, 1, -1, 5),
(6, 4, 6, 2, 6, 4),
(7, 6, 5, 2, 5, 6),
(8, 6, 7, 1, -1, 6),
(9, 6, 8, 1, -1, 6),
(10, 28, 4, 2, 4, 28),
(11, 4, 5, 1, -1, 4);

-- --------------------------------------------------------

--
-- Table structure for table `friend_status`
--

CREATE TABLE IF NOT EXISTS `friend_status` (
  `status_id` int(10) unsigned NOT NULL AUTO_INCREMENT,
  `desc` varchar(45) NOT NULL,
  PRIMARY KEY (`status_id`)
) ENGINE=InnoDB DEFAULT CHARSET=latin1 AUTO_INCREMENT=1 ;

-- --------------------------------------------------------

--
-- Table structure for table `images`
--

CREATE TABLE IF NOT EXISTS `images` (
  `image_id` int(11) NOT NULL AUTO_INCREMENT,
  `user_id` int(11) NOT NULL,
  `image` blob NOT NULL,
  `size` double NOT NULL,
  PRIMARY KEY (`image_id`)
) ENGINE=InnoDB  DEFAULT CHARSET=latin1 AUTO_INCREMENT=2 ;

--
-- Dumping data for table `images`
--

INSERT INTO `images` (`image_id`, `user_id`, `image`, `size`) VALUES
(1, 6, 0xffd8ffe000104a46494600010200006400640000ffec00114475636b79000100040000003c0000ffee000e41646f62650064c000000001ffdb0084000604040405040605050609060506090b080606080b0c0a0a0b0a0a0c100c0c0c0c0c0c100c0e0f100f0e0c1313141413131c1b1b1b1c1f1f1f1f1f1f1f1f1f1f010707070d0c0d181010181a1511151a1f1f1f1f1f1f1f1f1f1f1f1f1f1f1f1f1f1f1f1f1f1f1f1f1f1f1f1f1f1f1f1f1f1f1f1f1f1f1f1f1f1f1f1f1f1f1f1f1fffc0001108012c027603011100021101031101ffc400af0000010501010100000000000000000000050102030406070008010003010101010000000000000000000000020301040506100002010204030504070505050604040701020311040021120531130641512232146171814291a15262231507b172829233c1a2435324d163738316e1b2d293a334f0c24425b3c3d308f154647435261711010100030002030002020201040301000001110203211231130441225114f06105a1b1e132819142c1ffda000c03010002110311003f00f9fcb3b16d0ad5ef02b8824f445a9a99725f08ec3f41c013dbdee6a007cc8255ea28470c60115b8063d2c3f0a94d35ecf7f1c260285cde885f4e8d2a568295ca9c3861e730687616264a3328f381995c36dab2b41d29d4973b74e1edd1658dd951964246478f0a61b9dc25b3ae43711cb6f1ce2a5255a83dd8ec9b2273289175a923d98acaca4514f16a3eec694ed552749d4df648c00f4042d6a34fca0839e0072a9a55994fb101fedc00a2aa47120e15a76851ed5eec699ee5a6ad55f8635a5319d3edc0306aa30650083f1a602e124941e1a78bbf0308a8f500d457b706589235910e6d5a60c8486e66540baf4a0fe9834cf07b059b7dc4eafc4f12d2b518df60b2b7b13f653df86f7344b1a89135ab0f7633ec1ea58e1790780558f004818cfb07a2436d2290245d14199ad73c1f637d0d628a0d5a8c3828ae78cf66fa9fa4a297d2d90cc53b707b37d4f8e3d543a733c00cf0647aa291a30cc81a920e231b296abf334b508f8038df764852c6b4c65dd983755596a7c3f369cf0bf6b7d4baa00a4acaccc782b003f660fb47a9510b0abbaa7b73c6cec30718e556a3985a3a79e292bfb4637ed8cc1528cd40c2bdc70d366240841efc1969fa33a60f6360ba40c196584d4b5cb1b9610d0e005ad467c30308ccbdd8d0686507061af6b0060c30a929539e78301389418ab9788f0eec0d40e52951c70311938019acd78600634a300297a7b7030ce660043291c30349cc63c70323c5876d46343c5f00309ae3631ea658d069030035b21edc00d5030079b4e34116838e008eb81876aa6069356301be2a57e5efc00dd47bc6358f3311c30c0cd4700375d3878b00349ae00f06a70c00d39e6386006f0e3801b5c0d7058f4439994a8ee500e3e79e8a46b6b177f55e2918e64b9206aefd1c7099a156ee395e569959990f99852b9fb30f0268d74a351b41ecd5ff006e12508d4f2a55ba660cae2946018027d841c566c117afd13109c3e670281be1c30f65a04f65867dc376b7b2b5083d43f835654a2547d78c9ae0b7576fb4b68a0b68ad94f30c49463ded8e8d6b9ec28d4a4927481df8e9d53272f51a8343f671ac3d616cf5d05786630352c7a43e672c6370578d50e669eecbf6633230f2e4029a1238e010aa194d08d4301a1740d58dcb4a0102a78e004e5839e063c2366ed03030aaa13c2f5a0efc6330556218528c87e63d98c6612955d55a861dc7bb192b1102aad5520762fb46182789aaba891f46330254f14a415f09d3f31046330aeb5718b6422c80148fb589f6d3187233df1506431ba36619dc856f6d548382032dde19e7e673c23af94978b2fef618b92b4b7514cdaa4e6c6736ab0153f0c0dca655bf402645f02f918b28d5ef185c8b42e67979aef201a9fb549c522569b04c4481c79bef6330ccac4923135a2a8fbb53fb719819335b77e330dc941c865c38633d60297a8a5707ab324334c050310385061e48ccaacb2cc4d33f86586813d9dcdc472012b369c07823ce7635535278014382a88e49dd4319398a50fc8ba969edcb09ede596225dc6306a4103b98156fa0e2994f0b093090e4479757fd98d941c660a685b0cc382d732d963588cd41c6b49538013c5df818753222a6873c6078fef600655bbf007857b70026953801a001d871a1ea6580184679663181e19035c00dcf0034d71a5af29a71c0c4a08d3df8d8d308c6846d9e678e006e63b70078e78d61870025300269c141a7d99e303d5214d73a7760698d9619847270034a9a56b97763418c0afb70078d700328700786a029d98010927034dd3803824b653c1336b62aabc4b0d1ff8b1f37ecf44a8f1eaa789948a994ff535636c0963b7b92c5920d6cde58eb40defa616d04921925915673e9e6ff115e32c83dc43632052bfd707e1c99a71a8efc5650af1a4b345f8513c841c8a2939629f6017d841b4b982fd094bab67a947c8114a1cbcd8cfb03b2ec3bc26e564b72ba55fe7453c2befc534d93b0497c599cc7771c75eb51b1235bd5755683bb1bec304f0d01d3415f0ff00f07199183f490b4248f695a618a874bd295a9fbd801f19399a6678e06a45257c59e007a9a9cb31df832da7b2922b434eec1961a1406cfcb8321e68ddfc9818544d2c14f880e2c73c00f9425194ad07b318caf2a683a88a9a5319194c9555c927c3ee187657a2e6060babdf8ca22d44c14f0afc0614f0f174eb5d19926b51e135f78c6372b6b309220ee8ccf4ab2c6108afbc8d03f9300c98d7743342e2557050ab1722a192bc050618654188c830069c3318d6ac2de148c2b448d4e12124d3e1c30b20579e75958055d3dd4c39299147a46675fbf056250f514ecc631eecc6036b4e38c0f57307bf1a1ea173506831ac31d954e92093df8d6c3d617950906840a8a9c06ca1d13db4a240e32e14c6b65673a77a9376befd42dcac4ccc6da469d5a307c348695a578795b86257e5791a596296942096ee772c7e96cf15411abb44a1d75071c50907f66363295ae1e415ad3df961a3135adfe87d5aaa7db8d62e36e56edd847d18320c3b84638296f88c00f4be8dc9046923ebad7ff07d78d085f748534f1f177d300306f7663292a9956a48cb0028de6c8f0a8c016e19e19d4323823b7e5fdb802460572c8fb467801841e001af79c00da546551efcb0035723960052bf5e35868181a40809e38c65218f1ac780230078f0c6e41b418d06e006d070faf030c65c6b4dc15869c60271e381af303f4e061bc7d98d04618d69ba4571ac2530033181e150b9815c00833c682155006752787b3003740a71c01f3fb48d0af2c175523263c18fddefc7cde1e91d05ab4d50a46a1c143788e0c84b0c97342eaac231c242c001fc3e6c015a7dc2212932310694d2054570d35812a4b15ddb245200ab4a2b9ccb1f6d31a1660636d1850e4939b2a3e9d27de06130132cb1ddc658ba998e4d20a0607f7b8e0c04db16ebba6d5751289355180641c29f0c34e84aeb506f16c579d2550834d1ff0097ff00eafd58eee3bcb11a246ea198d1582a9e0f86c864fad775beb79a1b481cc250075913e70fc2bfbb832d18e90de26dc6cda1ba7acb18d4cc0d6a3e3859b56dd05ae2278c9206a41f376e2b2a775a643714198aafdaedc6e198584234fddfb4335fa706061e502b507f973c1839caba73c66195e60597b718c3911a998c6e594ff0a035399c3022ba939907ed1eec660175bb29a703c08c6831948e3438d29558823c20d78e0661249c2a38e31a6a4a00cd457de7198699ea584ba900473916193d3f7c78bebc1807921941398500282493402838fb31ac3030a70070ad3e83450d2b86699a32ad33c6ca532acab99a93c298d09518d063187d3db963282100f6e0061700d0f11db801ead96061ba430eec6e5af2d40201cb860c83a351e5a54771c25a78e63d257c13f5227cebcdb8dc57e079b8965d12f874fb811326b8d4aaf756bfb71795cb6a8aab02580a13c698d8c34ab532cf14c835a2907888a7b060c87b4494cd863720c29376e58d0f699b8926a3fecff6630248cd09e626aa71ad33c66426e647a18011aab8d2cbcb8dea3f894e0c85774406a1147b2830d01c9712468558029f31efc013c7b934674a168a2eff0039fedc01624bc91935214ba4f9a37678e44fe42b8c08a1bf9d242665728eb5414ad31a16a3b8530c6ecc2a573c60486e542939fbb4ff00db801cb2c4789a6341caca46441f6e0052c0777bf0311b31e3434c68a657015ec6c0f787bb1ad3300349270034803db801348c00dd207b700788c00c230308d8d043c30035b2f6e35a6d3c381842b5e1801aaa471c101c73353c4e341b418038346c563d32a8973a8a10581f60ecf863e71e9221346ae00502553e1e0a547ef0a13f1c284c260f4338d24f16a0aff769802510da2426450af1d6a350153f4e0c8579a1429cc882a006a51386372145ee6e1a36abb01dbd98a601f05d0918b28445885194e553830046c6f432f3548d55a9d400cf10db46dd5a9d96f66dc836b721e33a9b16e5988d8d459ccd1c403f8a9c31dd13a15bfda5e5cd24762c880aa37680788c0d8a3b04b796176ca0b22e823094d376c20eb4d36ad0bc225bb6f0293509a4f192bdf84f7c1e52c7bfdafabb83a49858a98234a78557cfe6c57ee27aaabf563a6ed12b272b6e0ce195732c04648a8eccf1bf70f517d9fa8ac77077112f25d7cb1bd057c1ab3c53ec843ad37fdbee5822bd1c8d543ddf89ff00e97d78cfb008a49192c91c81dd05655af03ecc05b4e5928429e2786065af4be2d5f561a043a72a0e15a6341d1b1a02a6b4e1d98282d028ab1c64660e0de21d94ecc6b13291a3bf0035a9a6a3e8c0657746614a50e0653d200be2671eeae0624f02e48b856bc6b5a9c3349a9b2cb8e0852282c41a0a0e18dcb0e151f0c1907505298cac840beda6069188d34ae7eec00d1406b5a8f660072b29e230049a469f6e00741a79ca18541e384a78e31d1e5dbaeedee437f526bc34ff008b1c847d78955e7c3ae1734a654c744729850f15397763602a8a1cb8776341da7c5801856a30641171b2878e18233a4f11c319418da870cb0408cb356ac70d01090295a9a63720e57889a86287d98c04ac6a754721321f3b3644e007adc4ac5636626b954e00472d136861e5e0573c01ee6115cab5c6878cd216f11a0c01622bb78d68ac0af76341af75311456a0c01e5dc2e69466620711df8189a0bfd6d4229edc0137aa8f3f160660f5954f0351df8060ee38d69349c19660832c635ec01ea0c6834ae5db8d06151818695ae3584614c00c5427b71a1e6514f660068cb034873c1184c68253007cdf05c2050ce34fde1c71f3deaf4935bc32dfde28b65ac310a3ccc32fe5275633004229c46da54693d8587fb70b60366e65dba4750aca7f0dfcb5fbba4507c71920539e59aca436b3e4cfc294229ef5c5240a8b1cc65d0c494d59fbb0c12dced48b231875346c79a3511ae83e5a0c6e4225b86697970d4674cf198c8b5d07a36d2486c66924cc4e74a81dddf8a6baa5b569a397969e152d514a771c526c9a4b9b902c99e4cc8d345eccdc03f562902aa959d049a423365a46329758a324322b21523c22800ed1edc47691791217fc60510162083abb8f1c4f008b12bb488330c49d6788a8a1fab0d20248b2472b3c268d279c8a67953f66372cc2bc293eb275e9a0d20e5c3e1832302db65cddda5db5ca92ecea75ab1c8e1a74adf583707564469cfb72a469a32d49cfd98d9d2b3d62d5bf51edd727c05d4d2ac1c5349c5fec8960456176a95392fbb3c6fd918f170a294c3cf25872b291a7b305873de260dab89c614b0c8e0e902a31a12a44b512292430ad3bb1b906b904d47d7963011963d3522adde300c1aac2319820fb457f663060f30b3462553a87d90318080a9009c81e07bb04acc3ca028a532c315ea57d9803d53d997bf00319b51cb3c00e043f0cb034c24a1d206580254888edae061d5a8a70c00c59555d5e992f1c2d86d5c5fa2980eaada9cb79ee107c18153f531c49d13e1d86a080698e88e53431e34cf003948c01ed470037513c30034658d052a49e38320d208e38320d68c9edc6c08194a64be238707ff4d353328d3c6b84dae0d3c864fd53b45bdc9b7961470a2b248430cc77508c46f6c1e73a75a6fbb55f3b08d8253482c415a93fbd8276c96ea23ca39e628b90a679e2daed92534a1a71e3c71b2846d0b5352357d9860f2d7e6cf1a1eab014d396006b0714cebabeac683b3a71cc6005121caa7871cb00781a9a57030f8a5743507005c8f711f3a53dd9e06ad457114a281807ee6cb003f483c0e061a68300343038d6e1e2c40a56b8198371a30f60c8c19a59bd9832cc13415e38d660d38d6e0d2becc1906693818f69181af693832c7ccb6fb7cf2a80e74a9fe9d7b463c3f67a42712c31a848d224990d0c8a33fa4e27906170d9bd4afb48c00d8a7656f5121ecd2aa7b8e0901bbb491cd0452ad0b0216abc69878125ac468a0bd2b99d4381c26424b6feac8d425e26a0719e5832105fc23d6c4f17f887ca3ed7c30fab2bacedf63cadb6da11459228b4b81e6afbb148953544bcc70de135a85208c6c8525ea192d792c4852f18397673062b01202b12e920d13cb82b243890c75c22ae7cf5c4b655114571a96b5e02bdf89c65573ad7583e6c303833bb2953e1ed272c141b2878d485f085e34edc635347783404762350a06a70c0d79164370199e848a823d9802c5491a850c832278570b92fa885b6e574a8293b64299f7e36567ab450dc0b9b58ee14692437317b88e14c75f2b9258b51cc186ad3f0c74589fb245752299d708d78ad0535600f094d7b40396796301ac6552350aa77f1c6ca0a872ae00549541a2e7eec656a6859c307d4453e4c29a4327507c41480c29a7db81b6185ea68695c34469c1d5bb698053598463816c6b0d1307f30a7d5803cba46370d4a84115a678cc0216d268303293503818af76ed1da5dc95f2c3248beca2123ebc656e9f2e31d2954ea2d9b3e179001f17a624ebd7e1d9c78a3ee38e872a318185a90683002827b7002034e18cc878329ad4f0e38d0466a78853d80f6e00f36a6f10a5471539600606cabc4767b71b0222ecac1a953c30e19bea0ea5896cd64b60b292d4960268c71c3d3b3a74e5861ef56eee4f362b82d28f3a93c3fdb8e1df6b5d3ac32092f8ba72eba14862ccc4ad17e7a9afd187d6e13ba36bb5754c7059913b19659e60633c485eec5b5fd184ae8d4464491aca384a3520f663bf573bda8938a46148072e071a0dd5803d5c89efecc682311c30036a412a7327b700394d38e00f33022a32c602ab9ed38d090b7b73c00ab3c8bf31fa7003bd4bf0d47f7b00796ea41db5fa3003d2edab9f0c664253768070c1683c5c2654427e23065b23cb3dbb015974b1f67847c7065b8235c4638b86f76372306ab8650699f750e372cb08d22802a33edc6649481d6b4e3edc6e43d541c7f68c687ab956a32c180f9a46e25a90a0abeaf09fb231e161e89258254258b935ccd30480c72f114d75d0e2b42386006cf3eb902d7501c070fd986b02edbc519540d4201a9185c849725f9cb0229066f2b77e3240a6f35e5a48d04d5421bc43e6afbb149ac0976cbe9adefd2e446b2984d446e72c6e058e9bb1ef037053724729d8671f737bf1b296ea2cb726575494d182e6df7b14913c23bff00c3b5935351830603d80d71b9183e789252a5495a8a9d39e78cb4615d8156257c40f11c3f6612b4c923d48ad9d0e6c01e070a15e65343203a8b7776637211f375065150d4a8c1961c19998c7229cf815c665a91a28e388967041f760342230489071017cedc70353dbbf39017c80fe9b2e44fbeb8015dca369604675a8c012d8f504d6f2284a32a35741ae60f1c535db04b1b3b0bcb4bb40d0300e455a33950fb2b8e8d7a12ea2021d14d54a8e24118dc96c3b95198ea5d496e001e18ccb3063201e160757d9a8c118603257f0c927b10e1e6ad2b40d19d4afad699ad071c662b70f000aeb197b3863320875761a631b2855fef71c1bdedbb76a01ae1a8e454d3043ff02874d3569cf0e8d8650f0a1ae06587ab0a6669819831f3c02c3549f9b1a12464761aae34d82c9df85223ae0958a9bd4da364dca45ccc7673fd519a60b4dacf2e39b1b05def6b7069a2e6d8fc79a9fedc46d766bf0ed67c3ab5674c747f0e3c1031381962bcf388a27940d6c9f2f7e137df07d34ca35be492da592220b22d40c24ea7bcd56d37d82628ae4217f2935c4f8f797e47d6f6efb9dbd8db4ce1d79d46091b1e27b2b4c57af793e1b3933737555d5e4592726587cad1664f6f035c72ff00b1559c6229fabf736b6f4cec90c938a89dd5a2213b5e9e218dfbeb3e98d758dc5949696bc9bb4957969a4b3289093c495c74f2eb119ce80f51ef33edd76b0f3635475aa30652e7e19e21dff459f0aebc98bbfb99f534d24602c9222c4b1f160c952c49cc678e5c65d190486ee4075286211a8dd84e0c05e4dc25d5f8615213c4b123eaad31a5b4c376f1cff87491ab5834d72c27a4656d3a63a86ea5b8b482e0d5427a7ed0558fcc2b8ece1d2df9436d246ce9f0c7a5adf086df2424935c630dab0cc0d5ecc008284d471eec01e643df8011725c68789c6030061957180e39e341a188e38014b13803d535ae34143d3060155f51a766301faf3a766330d383923dd830326e8662486a57b2b96306691620878678ccb253a6b8915798cc7487d1ac1e04f6e1b279e549ae8cb762dd5eafa398429a803514ff00bc9f5e273a66b6e8910b6856490b232d43023159329d84d6e7b70629704d537975647b71a30f9cadae842ccc055e44a29ee638f27d5e8accf7291e98cb6aef38cc07a66d5b7996b524a8504f7e0c0568090c0b67f1c65817e0bc5e6a8c83fcd5c8627601cd908b8bc644a3143e1d401f0fbcf0c10035f8b74ddee1e3633c6d2d14925891f59c5a04b71b75c59ee13c3a59a8da61602b518c0df74c590b7b1569c959a51a8aaa934381838b6cc381f11cd8f7e2c9d47b8b69b4944ad9b8d2a0d2b5c60c11ae1b52b81a4945f070cfb70b909979572cd4fc22054531942bbbb46fa1d174b707fb5efeec602729dc1a655e3d98c0898421f95113248322e057feee132790e2b1a1d06bad47d18c9461437271145cd7348ce42999afbb1406585c48e888e2acdd9c40c016dcbf3281811f64f0c0120676a215fc5f96a7cfefc0ca8de195240c54238f94302319362a6b3dc65b5dc56563474c801c298aebb06f36cde6d27b667d2a4f71c5323d57ad45ade80637586463a541a0f96b5c6cacba9de8267391691c7cd1a733f63262977892b9b8284166e5a8f9c71faf0b7b481e17a08d6ae0a71a9a035f76273f4ca6796e8505401ed1538a6b720e69d150cad92a8a9f760d8ae772ef827eb58ef0e9e542e444bac79538bf0e2d885dfcab2787452f56d3d98ea893c50801b89ed18dc32984951c095efc01e5607238058591282b427dd85c89073a63a66eb7c9264597910dbaa16939665ab1ecf0b27defa319765a6b91b93f4cae40f0ee31b1fbd0b8fd8f84f66fd6ad27e9bee6325bcb714141a91ea4fd38df667d61fd55d05058741f50de5ddcb3dc2edf398c200b112f11a104e79632ec79cf0f9aec2378ef2d5b50044f1106bf66514fd989e7c99f455ff487515925c4f3d9b25bc19cacd2c2d48c2eb2f93f1f971d736984f6e60b9a920e58dae7acdf544af1c81d59d00f3951e1fa71c5fa257472b19b93a82dd1644b595cd72762c33c71fb55f6b0156eef2493fd3c80d07e2b16a90dec18269637316e4dff005668baa69093316025d24f1a6aae136cd1922dc2a9f531e72371e0a17e032c6e1bee6aee4865869f864fe233027cbf6695e18dc0f64335aed7559a191c4868516224e9a7c70f36c056ba9ae1652e18738e41a55492a3e20d30b67b17d896d7c2372f2c666571a5839ec028294e19776281e0b673ceb30531c9c5da320213fbad538c69db842b771b4718488f615cff006e348821b7f4eace1caca46ad5ecc01acfd3a82c6f6f2e2e66692e2e6d4d60d750a87e1937c6b8eae113ddbb74231db3672edf28aa3bb0cc7a82b5c6834001b50e3803c093c7002675a532c01e3801a318c254e370d39535ad786006d1871c607b52f0ae78185d2b5f3619a6b290dc700395852bdb8015430f29d4318123cf0aaad699f16f165f5e30139c381055871e185d8f3552dcefeda2b39619d847ce8a4752c69945c4fbf1cfbeeacd5c98753df8b87481c2060b0bcfe2e6b425c484d3803a8571cda5c53dd5d4f6fbeb6b882de44281654d714608a85f68c77f3eb12baac1522a2b5a71c5f6de613c29c77a8d772d907fc64018e5d8481887db323d5f3ee85116a1c71c11da85416ccf1c012863a42d385283dd8c043abbf86341f086ad58d70b640d9747a5b3a5c6b90acd2ae845a0e27e6071309f67e918ac6786e2490cf751c819a1a031d3df8a40d3b5b7e202ca0b31ab92071c2e52f6ab6b2346806a35a5304acf6a912e57ce7f88629e4a19bb5f209d5b8e7550d84bb53c8bf0c524c05c4b9db948a48b4f6f33b0feee0d763f3d7291ade4fc491052990af6e0db6576d61a8c939ff52ac8f4aaa819613d90c21bfb8312158d4bbf71341f560f6535d41e3babe1920f4f239a332022b843fac233dcc17f18ba695991418e220292b21d4b57ad3cb8d83d506ff7f26a485620a11b5b893c3c3e5cce1fd915cda8489b7f3156aa1599cb5449a07cc451b07b33ca4b0bd91a611cd0c9a5f388e8398f6e13ec3e0662b1b89d804b724af9891445f7360f7660afb44fa354aeb00f90cbe0afd3ab0b3b41eb51c3b1c921ff00dcc2dfef15ebfd98d9dd934abd06d77b00d20acc3b562701fe838df7a7f4a2705f496c54ba6a655d21187b29f2e366f59e95639d6cff00882e2358c8ab2cefa741f66a35386dbb93eaa1f717dce429ea101ecce2cfff00571cbb76b47d49ac365dd773d4b6730d50a932b34b027938f17f9b098b0df50cecf017b791639ada58e0ca5617709287eff8f1dfc37dbf91f5a0dcefb6c8ece685ef6d9e7e595112dc42013ef2d8b6dfa2175e4c974df48c0f1990de470ddda5cf3e4378ccb44e549cb1440d5a48a4ff000fb71c7bf696bab5e330dbe9dc214b6926b690c17bc936f7680bc2cd71cc2a8b28ca8bca3c57bbbf19a77e9fe49febca85778dbcbb159d508e292b04723bb3f9fd98ebd7b7f97374e3621badf369b798a3dc78d7fa8a0ab01f41c53fdad53d34a4837adaa4a37a94453fd3d440d43e9c1fed6ae99c72231de5b3464a48b22afccac33fa307d910faab43b16f977b6ed53cd15c58410c8fea2596edcb5294cb4463576633ec8a49853deff5d122b7e56cf01dcae023bbddb23db5bae98a4946522bbff80e30bef148c0f4dfea7fea16fdb8fe6124cb118ee60b7e446ae224e7cd0444b99399c39c5b07ba922cf55feac6ebd45b14d6fb85b359d36a9236a31e4c93ddaa0524534f86362d4efc6e458e52a1e37590904a3065f6106a3ebc2d4ebec2937cb2dfc4fb4325e5a4f74743a88a8ea17f14b3135468c690a69e6d5e1c3ce83e584eb8e94dd3a6ac9afac026e16acca14191639003de1c51bf87169d53bce31f73b8c5188a0bc9ad267b8b4e6e96710a7a9feaf2b98dac7f4bf0fc9e7cb1cdbef6fcafc78c652fba060bbb19b75da9d872d599e2f30623ee79b8f871cfe32bedf9adf800bee94ea7da2dbf309b6cbb86062844ae80236a5d66ba4b9f2fff00193629b6d94ffd7da53370dae7da0c13dcdb4f6a97491c81f34af3630dda382e96f0f9bcddc310f393f6e5eb032eaf2cda2043306ec5eefa30feae5c22b2b96690495d46b500f7637d44835cf548cc884286ec3414c4e1bca95c86994184c7a19b40626847b71589d8861b394a9e7ca11547cb4356fb39e0d8d934caed3fa5488163fe269ac9f4e334991958e45cd8bc6814904a999988d4076f83cd8ddb4a5f65ab69a196e5ade58249a73cbd1122921947f516a3315c6e9ced17675adbf6cb0dba116b65108611d80927e2cc4b1fa71dfc7442ed52bbf8a84e2d75f24a6e5df868531bd98d06a927007b860060241a9e1801cdc2b8c61b8df80f28ae0cb706b4b1abe82e0301522a386237ac6cd2a9ee1bdd95ac64960ee4b288d482d976d313bd8ff5d7b6edcedb7080dc40cbca56d0cee74f8fbb3ecc579f4ca762dd2b5208af7541fd98aedb46611a386660a449a3cd43fecc2e9bcadb0f18b5d53f24793968cc2b50a48f8623b5c1f5c845d751da4663999ab15c2b8a8ff35579814f70a78711dbae1d3ae8af67d5bb75d5b24624546a38b866ae444bca047fdec46f5b4de8c36e9bd4bb99682e649018b9f2464697f1494d5c026468d970c4ed348a164d25edd0b89142c71c8a5a655352a9c72c4f2713db2e2fb6ddc9e6564b8d1098f581e023d89c4609b52fac6e2eb7496ce7bd79e58d6d44492dbb2b062c4f15c5ef4acf48c5cbd557cb750dd096b2bc0c8d7000d20004d0e54c43dae47a473bccfbb0d29d2c71e553f463320e6035630163404d09c1909d225d5a48032a57db85b40ced96b34549d599348d22a470c4b21a9d977069671a812cff0020c861e50d8fe43bd34514b16dd725a5142ad138a1fa315f52e0d5d9778498c126dd74268ce9e5f21aa7f8bcb8d919610f48f524a19edf6eba248aaab4322d47f1aae32f4859ab2d7fb1efcb3699ace48993c24cfa61453df594c7895de2b351bda6196d6c443330950709edcf3957e8d384d36534839fa8bd1f6db15c8b7837f695add23796d1ed0890894f1d6b32af871bbd274a9ba73a63613d2f73be6f37d7b731c4c45aad92c70ab2e8d5fd49f9bcccff00ca0d84f61aeacfde456772886c167e68d5ce46092462be5a5c808bfddc64aac8256bb6eccf6102bd9736fc33f3966926504767f4dd70f182f1dced30a3a5b74c5946e008bd55fb4b746912e94222562990f66000d26c164ccd4b7b425db534971099096f607d58cf51eab10ec8d6c8cb6b1bdb6ba99793138d55e3c1721eec1eacf5222adb90a1c2e546d5e2a0fecc1e947a9659a378cc4d373224f923908aff002d0e37d04848ae502e9489b41f974918df4d5b295749c9125af72c32a8fa4ae0f4d5b9346947ceda663dea83f69386f534a979cc5f5f22402b5a318c7ec9b048df686cad6329a4b6c8e0f0d4a1f57beb5c6dba93310cc768893992431a2c7c1ca27fb30b75d464dfccac5d4f266d64504bf769c07b70badc97da226dd2d6d9cc5ac4751562a9a350fbf9f8be386bbe07b10ee36aec12211dc15cd6a9a9bebae1bfad36606bdc5e7e61cc8af9ec147284fc9934eb881621323f74fb7c585f4d4df6483dbc7ea16ef71d353f4e4110b36b4891a3dca3760e123a6954fb246a39ae7e1f69c2da6d3b4aa3b79b092d2357adc488285d91662ec7e624826b85c17a6f12c9b46c729d32dab074f956cc257de54827149ac24306dfd3d32e94b733a216568e3b550411c33635c1eb0d364b1ed9b2af863e740c3e5232ff00f17099a6f695243b76c71beb6bf9a23da44e58fd721c12d4ee89e2b3b0661cbea6b98d4a9400e5e16ad46499f98e370c9aacc5d2f0f279163d466d01904ad1c710858914cdb9656be51c706159023acf6892c360bd9c6fcb728c634b7b5ac46b59231f2bd7861b5dd3ae66c932c352053de31d13e12bf2e9f6bb37eabdbca976d73cd59142c7245792188461b50551ab5a853e5a1cbb31cabcd0ceb8ea7ebbf4a906f3705a22a3d048354d21b81c174ae803e8c5656fa0643b46d9b86c9697c506dfbfc574a60965495e36558e32fe44d7c759f7e23773ebbfa9d71bf5e58dbdc492c726a88f2e69a12116bcce73bd6300f2cbe75f870c4bdfcbbf8fe88d77e994926dbbb59ef1bb944da6ee59216b6904af223049a38bf001d028b2b0f2fcd8ead4dfb3a4cf807bbb4ea4fd544beb08b7db2b7b0d88cb756325cb98dee0952d15129ce508bad6491932ce9879ab8bbef2c7304e88dfd9649e430b5a4403cd3c5229242f9a83e4ff009ba313fb221cb4c9db8edcb13c371b75bcef6bc9896e2431b154987f517c383ec1d39e176e76edb2f2c9a2da5e4f571af35a39a62ed28a88f4d44088330cd9613f9576e7e035766bb82696d6f629639630e0c71a55869f2eace86bf77158e3de1d34315a0a7384e194ac7111464af939ac28a0e32905768d9b7098add2c33228d5aa614656a7f96463a78e990d63ed1b618e29ae98065239d7029aca84ad35367c463a77d621761ddb365b1db226f4c241cc7d7cc7a3b2fb8ae7839eb19ec2d626d6690c774278bc4aa970ab172ceaf98acb2c2f85bd24a54055590c8ac197992c6ac3b4452f2b57f179b15d3a6410e28444e7181e8c65801cca70408c8ca8786004535e3866578e16b6066efbd43b61884c0d270da48ec2b886fbadaeac6ee77d7b757ad736f3f2c9fc374142057b4571e76db3a3590fb0dbf75dd59e28b9124f6d14d2b3c8ca85a1892b29a8a66bd9895d95c46c7a27ac363e9de9878ee36b8afaf2562a2e1f4f2c2474af81ea6ad46cf8e3ab4e88fd61bbc7585e5fb4861b1b7b442cdcb9a18e48642bfbaceebf5613a771f52efe9e6dc2fda5b67dc61b6dce77091c17b2088495fe9f2c856af33b70fc3b62b6f26b6eba4ef2da6b8b792f76f3736c355c5b8b955745ff0030061e4c775fd712bc9cdb75ea9ba49e540a8a90ea8cf88d1f56bd0d5f80c726dfa32a4e586386ee1ddada62c4ca0d630030049d47870cf12b726c2b5cda8b7b791ccc8b462c541d55078f0c2e5b833726569edccb19e6e9abc6c4382b2a13c47d92c71b918440cba39b6d33a2d0d50b5055b8e58c625b79ed180372d34409a09606a495efcf1a0eb87b309298aede765ca312060081ece1825c809f573e922b953cbf2d3ddc30d80a9358bc1372a4cd81a0d3dbefc264d8269218e44618a4e596ceb8c0b165089a460ad409c4f7e32813b78102927b1b334e189d078bb8f508d6ad5e014570bea6932daecbd3f2cd66b793c6d1a9f144c2458888fb5b356c2f95671b5d8aebf5a16084c165cd9581a94ba4d057c35c8a90714dbae09865a6fd5ddeeeee1de37924287c2d0eb11197b17c595310dbbec30a77536f9d47209373696468e22b6c653cd04fb4473c5f5e2777d87d6a167d05733a8325c3094e4b35a2b28d3fba7c3f5632dad9a568b6cfd399218f4a0794bff55e563a4ff3958c7c061b5f63cd68bcbb1eca27037bdd626755d0b00979d369ee2942e7e2b8ae2df965e59225d743edcc3956ef2951f864a2c6065a784c211f5609ad3fa60937566db2a165d844cb504492ea7155e19a4023ff00d4c5a4d5998aadbb6e938629b6da598356e6caad10a1e3f881ee87f7705c375f5fe54af65dde1157ddece04a11ca88c529a1e3e282388fd784f6274b27c024fb958c4ea97bbc10edc152a8c7e12730616f4a5bb84ee3beed701ac1aae5c1d310948507ef1e568c25eb53bd505bf549621f93a58af923048727b73c2fddb273a55db4ea095f57351d2aff0085e1a695eec86293ad3fb53f6e5ea0ddafa6586e62856347982cce50342bdb5038e217a42fb53af2e25daa44b599a1dcada74e65ade5b7e2311dc50e86c2cdae4d3787d9ddc179722d62565ba3e4422a0fbe98ecd7737be57a4da772d3a962a57e7243a67ed5c53329b159eb84ea0db2610ca8f202dfd6421d29ef18e6bce16e94cbcbbb69622668e59d5e61088d582966fc4c8eaecf09fe5c4ee949723565b674f98db9323432cb95c24cf50b2762d5578625efb426be56e1e9552c246b7b7bd03c25239359a7f10385dbb3ab4d25108ac6ca01c8976a9ed929a7590e4d3f794d7ebc73def7f85a728962dafa45869a2191dc0281c2b83950d2556eec67dfba9febeb5e6e9cd88c42e754b32348d018c69cf4f03f59c34efba1396b1e3d2562d27fa59e48e3235068caae7fc34c37fb5bc6fd7a9f2749348352dc4840f9da435fa8e33fdc3ce7032e7a47d3ca924773244c496126a040278d432907e3869fbb573f5e17f848b65b8a1447ddae6443c748048f8915c5b4fd91cda672236b67d40d0ea6dd74aea9154698daa22768f3aafccc8706ff00b23bf4d72864b2eaace3b6bd8e427ca24850023dfa719feeb6f1aa371b575324324452d6694ad23939681be9001c1fee96e9b337d509be45b6cd2ee100b789e58c4622c9036b57e233f2c671d5f97a4daa175d9972e92daf2d63ab77d31e9d9e08e87b6ee52c7656d74f6f7502cd123191055686389b23c467af863cddfa615f7a86e77db6bab63777424b86b53545b8d6eb5f61624e1b4ec3dea95cdaddadbc112cfcd0ab24d0496b088df31a48ab1af0c6dc52ed72ad6f24160a6da662d3cea7f0a65c955fcc08eef7e13eb1adc096d57779b3752cd3cab38b4045cb5acee5155d7959894b49f6476e2fef21b7deedf2f7aee9736d326d52dc6df6d2db2c66ded24d2c4432c86446934eb6493d41aa9343ab878568b7bd67b07dc3436f0a241662d8a46ca12542726f3542b78be38973f3f29ce9b6bf025b1f4da5dd8a5dedfbfc568cc852e76f999c2eb3f3f8cc186db4ff000e9e7b7b7c96d7a43a8ae778ba11db4825b5b6e642f2a178a76e6a454a321847e1ce4e4fedc1257a1d6eb84f7bd33be8b1dce06db56df70bbe44915c4b131d096de65593cababd98d97678fda5cf805f4363b0a95dc5e167dc5164915a333c3205f2a783472e41dc712df7de27eb5a7d9b72db5edd60b692350b92c71870057b869a0c777e4ed7f91eb525eedd69771cb6f3c355951d49500d0d281b57971dbf6cae7bad4d65145696b0daa3168a05d05df893edc526daa78b91ad98f464504cdb8ed17971b948ed1c97104ed0c7a57cb4547423e18e5b32b4c055a2c1e962e445c9b4950c9690962dcb8998b22966258f8197326a716e7ae19705a69e39e3a0bea61a1e381961010b832c90e0e1c6aecc664586b004659e17d823a15e38a4da330f1655f310056809caa712ebbe06ac5ef260dd2f6f6ce79cc57566f21b10b9c6fc7c3213c3c9d9df8e5f78ebd246686d5b96dd372af64292345cd892dd7d48d3dd21565a1c735c53e16ade7bc8214e5dbcb224de49840ca408d199871e0510d476f6e27746e516e3b65c5d3477103ab9641a94b0cd949a7fde389eb69f2af04d3d9c86108629a4cabab5501e398c3dd651911b0bdbc8e659a2940785cbc1a58c52231e254a693eeeeecc27c0c88cf77f995c4973753b4f73369d7312a9254f6114a15fba72c65b58ceef510d2d600f382691cf5fea22a70d6065fe2e1b48cf6accab4eb733306a35736074d17b8531d7a8ca6b6e7c68250aa0e91a7304903cd5030832b115f09562668d4ab21d4fc0a29142053d98c193d576d06a92c8e49af8a1a67f038185b5a476d76ce3506fc38582ea2b5f9856b80257dc3705b5916dedd5217343540c7e058138300399245280aaea75240eccb3c3642edec6b737d3cf1ae9548d09201a34adc4f70f862670bb911967a35593885cc1c391503a8346eceeedc6502b6f6b1a00185015e6787cc4771184c824ceda08a955268943c4fb70d207b6b6e45d23b0ae86a055cd8fc305da1f4f9746dbadba8f7491123b77d9ece25fc374924676fe1069895da3bb5eb30d2da74344d702e24b591e6029ae5356cc53cbe5fab1cf65a858d141d3af6f16b9da2b5b68b8bc9455af7907cdfc385faa8c26f5fb1431b496b6f3ee289fd4ba7a416a9fbf349e5f829c5fd3c29923750efd74eb158244a0e51a59c67cbec9a7d75fe081f0d34f2dcc57bab33e9cdd750eec9141519dd4cf30f170f09ac597fc3c5310bed0267ea2e908227876ff0055ba68e2a8bc8b31fbdcee444dfc31e16ed07bc259f546e112ac567b759da821b44a75dcc9ecc8903eac4ef4c97ec951de5ef575cc28d1decd323737d518745ab43caee31842757b7033ebc82bd95ecd13a5cc07d6528acf2195a9dbe2249c46f44779622bad92e6691152636908fea2963237f31a8c4bed4a79241b1edb0b05e7a5e4d2f6214427f88c951f0c6de82e8bb1ecd6a932442de1476f0888f88a83f7c65895dd2baa71b75aa2f32288285ec200c1ecc870b3888d635c6d4a6ad0248ebeeaebc25eab44cad72b1ea3ac247545751a8696e2280eac2cb5b664cb9861bab74928976838cce1124f802358fa7149d709edc6d088f69786f279ac2736f70be5d55d03c15e2b9f1c567526b2c5de9bdff7ad92631ee16935e6da45072816cfb3fa5cec575e8e9d7a606e2dff00a6f74b875ffda44885eaa34d4776af2ff73159d0f7b4aad73d0f05ec46eed152e11c563f1714cfc74038e670f9cb2cc84a6d1b8edb72676591d186a743515f6e136e7984c3d27505e42e1e257b762de320b0cbdd8e5dff002e4d36c0b6d3d72a8c969248ee643a11a476156ef39e38ff00d6b0f3b8f1b8b3bd05ae15351c8f3002e0fd9cf3f8e1e6b8567687436b666d1d175c6d1e92ad0baf172fab5ebad2ba470c67ab32a8f3721179330908c846220a29f03826a3d9243b94e3488a1f515e255d569fcd82f1d68fba47ae7a85597d0ca74c922d554bead34fbebe1c4ffd38be9df5b00376beb8dbed0c9196795b8a45e2fec38e9e7cb579d37f28362dc2fe6a3b9e5c68cc24120a0a999dd78fd932360ebca3a34ed86d3f376753cc54d078b44c7ff98e386f0aedbfa62b9deed8463956f2b4a3200a9c87f3633fd7a9edfa7564ff0051b709ee36086068f443ea63ccb53fc29470c7a7f839595cfbf595cf9e61cbeec7bb66357357438b71b4b1e9dda26b775dc646b7b74b8b7333a346658fb14b693a7dd8f13a4b9306de5dcb3a5dcdb583a2d15259e09d918c8a7e58c28a1c673940325ec535c5cdc9942dada39d2ac41d68dc40afcf8ead75b01967650de6ff007970f33a402242119dddd2bc55f98169f0c57db0072db74d96d6cdd2cade37b893fd3c2261f84d5a6654f87e51d98e5f34219ee6ea3806b78d519409d610b992751e032a9eec34d1aac2e4b4e3970c6d29c910d4820f7e32df5369a65aa06f2c2dede09764b556d1c6179202fed255971ba7e994d6faaeeccfb5ee119b88e09ac257d1a0c52c6f5568802dae6577029dc717f786f619e75d59aa88faa4107cf15c2b841fbd2cdce89bf863c6cde3658b524bbb4f1b25c59d96ef6ed981cb8dd9bdacce6d5abff231bb4c8c409bad97a1c4bccdc7a716ca4fb76ce9181f09520185f5b0612b74f74ccf68de8f76bab3b775285250c22a1ece698e48bfbd859d292f148dd27bdb5a34f697516e118cd1c72e4f17be31147fdec566f52bc41a2b6df2d96b71b7cb2cc4b3165524d7bf4b696c3cee97d54fb7bab38561b7b8b98eca8aaa1aed8c3a4228503cadf2a8c5a7713955a6b66d21e29e29d49a7e1babfecc36bfa06da61033a039663b33e3f563a35eb2b9f688dd816d2b99ecf6e1ad6e90e6436eaaa496d4a08fe3f2e37237d40fa93a87f2b36e8b46721f58a771edcf11b7026a93fea2b76db2d2f1b486b856250711a3cd84fb703d413ad77c78a4b7b5b66ab95e68a1c87c709d77ca934652fecefe39e1b98e4261bf06e164624932352b5d23d832c475e769a1f36d3bbc36cf2ceaeae03e88e4452c615d3a58939f8b58e3826985126e579d4d2d942cf2af24af31208401a16680aba92a35662738a6406edf7c897f1fa9611c441a68a9407de712ba1c6b7196d23b75b8b72b2d5855d00a0f88c2562949bada5eca9672cd1da46c46bb80a4ba85f35197c2719ea0fdd36a315b48f6f31ba8e560cb3822800e198c1ead6765bc9924d24b2b528ea7fb4f16e3db879a91697d2ee0749e5dbbc2b92a9a57f98e1b3808df6f9e3b84b854d30b0219901d2037118026b9b6b2a6a6430c4a34c610d6a3db8c0aeb6d10512a484c4380622a7e8c01e1b94b0d445550c285a84fecc684d6f2cc111a695882c19749a827da3c38c0213414bd82eb546ca7536814d0be13913800442ef3d94dc99488051dc39a39a70185a70fdb76f9e69dad9412ceae40ad3ca95e387f684578ece5d25978c797c7199804603792edf2cc94329d1c32a466b5397ee7d78cf5905683a3ba0377ea19e054744b791b22ce055b0b76c2fcf495d73a63f4db69b08239a6804f7406b2d427fb71cf9b56d39cad6db5adb455508b0e8f0e55d4477e7869a46efce4f8577df5dda4b5d9d637e57fee370b8244317bd8f9ff00871981ea0cc26bd70d131dc2e17ffafba0de9d7fe0c1e53fcb8dc8f55cb986c76c8adeff0077985d5c7ff4e26d341fbb19f047fc2061a6e35d321dbf755ef17762d06da21b4b75cafa4a869d17b960ff00c65f15cc1be98612c91770b866bedd24e60553cdb891d0f8e6e53664d7ef639af44b31a4965b4876efcbb64a1bfe10fa8288cbe3a64f4d5c3db84c8cc0abad8bade071cedae62d1822348e6490baf6b1619f33eef0c2cc232603e7bbdd202f2ee305d5b9453cb695253e2ee2a84067f61cb17d765274da3d79baeef7d325e47448398213c98f2e649c06aaa2507fc4c43eb4f6bb5490f535dc45c344b3b96d08b1c6444c7edeb0dc811fb79985fa4bacb17acf75864bd2f0ac3712a3387b76670c402231e6094cd59b2c5b4e52fcbaf9f4d2fc8ebb091d24947e5e8dc4421658ff00b706fc7587daf3ff001ffbaa43b9ed2cfc85bd627e412280c7e14a623f53935e4b56f2c76914d71f97addab0d51dd461b4a9ff00971c58e5ebceff000e8d74d3fc27ba8ecf76b5592da092db4aeb6b8b3f4aef5eee489399fdfc66bc375fd3457db777e9adb22613dbdcddc8c281a785c383fbc230d8e4edc3a7f06c684b9863ba66bfb7db2fb6fb690aaab4aa638e42221a8e69220f2b70931d3a6bb383aebaff000856f21b502264ba7606a4bc81d2bee6ae3a75d2e1cf39e4cbbdb36cbf91a59e3d52d68b2a1e53d7bf547a5b139b5952faecaadb626fdb4b4c367dcc08d88668ee64979aab17f500ad63f1fbb1d1a6f4df6d91b5bdea1b287675ddefe179d0ac71cd189154032fcc15610fe1c7b5d796b2787170fd3bdbe50fe59d3fbb826c6484d7248e5942b107ef11a71c997abae286dffe9c691cf85681bc8ca439fab862564179ea0b7bb3f50db40f1c20ccec9cb89cf107ed5712bca32f35bdab771159c8b7292477092dbc0eb22020931dc3163519e7176f7e39e72269edfc8bd8efd62f08371145a7b278e256fee28ae39bb6bb7f0ebd31fca4b9b8d86e63090dbf3ccb5d30dba3b3c8a783e6529a710e3eff00c8db9e943a4d8925505616b23fe1a1681815f83e3ba6d84beb93e1049d37bd9fc35dd1a18fef0a8feee785bbeb0bf4963e8abb9f520dcb9313b48ecb24ab3b3339a9348963938ffbbc3ebb6b5bf524b7e8796ce275977c965819ea88628d34af773ccae9fddc35fd1a36f0ad041b7c112a2476d3487e67499096fe7b7384fb6565e0c7feac2c316cf6312d94f6ce6e8176b82de25111fb71c3f68e3b3f1e9b67c93d63983190d53e6f7e5f4e3d2dfe1ad66da6dd769b38efec9d88879c927a982376409a018e33039615f959b56387ae90b2ac497f691dedcd96c96b258daf31a29e536dea43046d0b498ce0af8bec8184d355243f65e87bd440edbada2460d3f1a1e58af7ff00aa1154fb717d7c8c3576a9b1c313a5c5fa6ef768e1a5b967330775e0a55c1631fdee384df4830c5ef977b7bee0e92d8c1023c95b3b9779518af2b9b946a422fd9f12e27a69fe4aa761b6df5d030da0a82c03cc0d7530e1c6a3074e9350e99d09d1367b7446f2fdcf342d73301a1fe3638f13f47e9dabb79609bfdf3de6e6ec4836f00296ec40cfef70c37e799f9737e9bfe1476eb78d6d6d247b88a165b78a391250c752f2bb0290063ba6f473d36af5dddc16280488246565488a1248af6a9ae58acd8db4c16cf6aea3ddd4374dedc2550d49678c47aff818c888dfc3886dfb24be19e95a2b3dabf552ca2a72ae02c474bbfe0ddaff00169d24ff000e1b4fddff003fe46cd28adfec1bb5bcaf249d39ea591118cd6c120958b79b43c4c8de1fbe5315d7f5e9b7f0ae6814726c7717aa6c66b9dbee344934b25d3c748cc5f2b4cbfea1f57ddbbc74ebaddbe09778023f55376b1bcd1773acd6955292dc04ba8d830d2740777bb356ef9b0b39a72b5707556c779106bddbe3314de59e27f4e5fdc97a427fe5ccf8ace6a44337497465d4e22b49fd0dff0014b7769ac663fc132c63ff004f09663e13bae43f76e8ddf2c99248a695214e26577319fdc752e1be3869b6d13db8cacfeecd756022927826745711b4f032854af6f881c36bdf6ff29fd785837b0cc2ca4b4079291a090cf2448eed1f92a64920414c5b5fd1fe4b64fe586bde98ea5bbba69cc56f3b924b95bbb17d20f70329c35ed2b71138e9eea6860f159eb44d41744b6e4d24f3d10cbab3c4adcb3c2add74bf564ccae9b55e68d1a524313312bf018cd72dd735b4e94b7bc8b688edee9248e4899a913a90cb4f99969a863af4eb213a6b7f80feaed925f4773b841b4ccf72c51279395314558de30a581145a08bb07bf19d3686e59bf2cbd9dfb9b0b98a58c42cf2431ae865440ae2500b991252a1447d9df884f2b6d15ae2cd2290a496cdca9d9795aa2e5a215f3f6be332036e244b7ac764bcc8645ac8ac4801fbf4e3319012f34a89e20ac002280055a9e390a0c6e1995eb7b4bd78206865d16b2c7aa4ce814f769c1866514bb69d41def51c1f282ad5f8e3429c90c2a43210182f88900d7e9ae0c02bee573a1a1e7368fb20d07d58dc0792698c6d1d6a94ed00e7f1c250b7612d92e42de779b8c815a364a7b1190b6172c5cdc95ad5164854c4e02bcc7ec2bf943f760c84b62908b2927bb43748eeb1c8f2d5d54bf0604fd9c664f85a1696da0da32e95e0b18a9461ed7f30fa7064614de0b5111e494642de3700a927f8b13bb038da8b784dc40cbac0243e55504534e125b4a0cd34b651b0922526e3f12b5f2fbb1d1ae822f74bc9348971648aa56e2558b4b0a152f4a0af1f0d319b552c76ee99d976eb4b6b358d8c13db8468658f49abf6920d46237675718dc5cec9b7a74d5c4c37fd3fe9d9139305c975765d2946cc170dd853e1869a976db0c8daef92dd6cb672dcc9145646116fea8973348cba2161f8466a48f2316a0c526a35db275edfd8c53fe4e2b452864b7442fa54c7a8d34fb70bea7fb20ded13bcdcc5b6b1b90e89ad25961744a0ec059b07a8fb00b7dd87a9d8dcee125ac5715ffe95cadd30f7001443fc5ab0b798e7d18d468e2bb59639ca9d3a5ad8a32a54fd951927f0d313b28e9d042eb6e89a12f05b24eac280cc55865c3c6ca46397ddc38aa36f62d14cb3dfd872de21a43a333026b5ad092f8cfb1b8a75f6f17305cc4d657535aa990316753a2403b89cd0fbf0d2b7ec89d7ac37f6dc12e0bdd5ddb4894e4ccb0801ebcbe631142c6be2aae2b28fb22ddbf53d8cd6f6cf71b544c0a93224dca6975356a6ac84d7c1f5e1e6cae63d6373d35b84ef15d74dfa38946970b38cc770442180f7637d9b2c149b62e90ba692e27bb9a3b85ab46b71722495890413f881bb18e1f55b4e5aa847b3437179716b16e6f15bc410db96504b06f6272c639faee4e9ac890f48c70ba0fcc2c67b84f20955edd947fc425d4fc714bb96ed14ef360eadf4ccb159c3796a4d19609a39632bfc4ab8598d90b687dbdb6f7b6955876b9a20e75cd02c05114ff0918cdbda29ec91b7a9799239881721eac55953581a47f5357cd849a5d99ecb7b46e8aaf0dc4b020722478632aba8b152a4e9520706386f44b49690732ef74bbbae572d2ae2249bf081702bcba7886be5f8e98674670b6c6da69523f4fa246d754425b4a8d3c34fef8c4aea5df153dbc3cf85d7f175796399e591684fcba19b49af79189e70e5df8e48fb55ec51e97b26b94d263e6563d26bf780d58dff00677b13ff0056ea936d86dd5da3e6fa527301889a13eccf55310dfb6f1d3cf9d5a9ba837fd8ec6e658a2b692d89d4f3c32a17fdd54e653e818e8e7d72ace781ada7ab36ddc1ac6c2ea2963dc2412a089e3e548044a24d5202001a83e9cbbb1e8e9ae62b2c8353ed7b45ddb18e7588899d78b6870c91369ad4f8a957f2f76176c42b31ba74443b7dbbde6d26e3d43d16cd2d87339f293cb8d02ea2e824f312dc30939cd8beacc5f5af51edb25836f70cb0c8badaea39399ad4b289254d603ae9457cbdd849ca13bcf55fb3dfad043646cef4a5ccc8e2e6c25d1a169cba52620ff9bdfd98e4eda21cfb08c5bbd9229596e56351c35cd1e93f119e397eab5d936f0d0ed5b47e7fb540769492f26d2584811cc0a09607c4af1a1fc48d933c7770fcd47b0a6dff00a59d5b232cb71716b6c2be355965d63dda63518acfc71cfaedb5a0dfa97b7c9d35b099b6cdc4a6f70dd5b5a15e5b382275333488b2b3a91a01198f95bb7149c358e9d38efb471fdeb75ddf78b5b45dc5927545e6c40471c54ca95fc254ae5df8eed2c8e709b5589c696821a52b9c72135f7ab8c52f90e91fa6dd3dd49d69eab6f87788ec20d9a083d2d9325226499daa418f4b543c67c55ae78874d72d91bd8ff45b7bb4bb9ae659d6e56498cdcb8da12d567e61fc49a38dbcd9f1c4b5d2a9195fd4ce91dca1e9f5326ddb95acd0dc092e256092da35bb48caa44f0198a49e25c9863748460f674786fa4582e94cad12985c332d757142dc47d38370d45c6c9cdb8d1b9cbeaadc436f560c798b29811e527491aaacc4f8b876639fa74c10492c76d8ad6d56c50425da4750720d47a0a9f76396e7600bd6bd4573b1d95b296adddc12da99f9b172d3270485cb10ff004db3a60f8ae2deff006c5bd8d845172bc424c953e3c716d39fa976db2a775b335d4fea12f98c108080db8261200a0e5ca78e5f7714b30efe7bcc0c7e5b6d1c10b966e72c60059453530efa612d4fa4cd154ebfeb28ed4dbbcb6b6a478d2e17c4169f2ac64145f80c475fcf29a7481d0f57f5046f791d95c23c57455a475479da371e72a8b122afc0632fe591bf6c0ade7ab773bddc95daf8c1e9b5ac112b6810f33cd1ad29c7bf88ecc3cfcb35f84f6de501f570dbcae6e5758af81a80a2fb8f660f7df5f8736d2d433ee0824486cd4dd3dc288e0b78d5a5752b2e4c238fc4bf0c5b5db764a3fd3dd417bb45f9d9a5b1b5bab609cc9adc0061295d358eea3470c757e1e63cf8acdb65656a25bce893b45ccd116dbfd3c65cd83b2f249eed122cb00f82e3b3f1cf7675e9841d35be5e18ae27d9de54b7b7288e2de5429564d5ff00b496468bff002e518e9fd3cbd5bcba7b2fbee3677e1e2dd36e5b865feb35a0923957fe25a4c874fc09c71dd56da4aadb6745ec774f24fb1eee4403fad64f18745fe1a23c7fcad886dceb9b6e5902df6c3a8f6fbb5b6b3b099d4e98c489cb883eaed8b58f17f0ebc2cd6c67d2a7776bbcbd8b4b7162b035b4523cd72f0c71b831f66a4d27c58aebbe1bf4b3bd3b7019165928239175694a7847d97fb38b5dc670db6edbf6eb77b8c27778a4b68acd9ade7ba8ca99f52f9e36e581a9cfb710db6b97469acd962ef66dbe7d9af7a8763bd6b9da22091cb6f74da6504e9d48f08a7334bc8c6bc715dbae51df4f567b66dbeeb70b6ba9b6a29617f69e4b758c491dca98c9d07981fb50fb73c3f3a49e5ce2e77fb4f53cf8a078df5b1454a08cebe397661828ee8fce7e6c6bcb91f516232d54f6701f0c014639915396e43026ad51c0e18a78ba221318720c6da85300785dfe0348d2b195b8ad0600a4aacd1b31e14a63604614b78ce3681edb6ce39f6d604959aa258f4e6580f9713a04ad6ca09c09214923be8569cc52632d5f69c4327f5589ad2459cc375389e39d5165d0a1b53c684aeaf710df4609b0f5518e0bab68ded91d4c0a4aaa961aa878d54e58761824604ad48958d400ec50d3b4d4d07c30051f5085a5576ac7d8c33a3f61c2fa8452493dc99d6d55b42ac534d43da0a472015ef2c5b0d359060fb88acf71b68e032f26e618d448ee2a945aeba11dfa970def40c8bfdb52fdd96d792d70c277e41f1ac8fe6c9cb015c4f6adcb77b26f571ca72ea122a83196c8b01c3dd8857469bd82bbb6f97b6b677bbbdb32a6e16f6f1cd6d332ea0cf14e8ccc69c4e86c574acdbcac7480db77be95db06ea34943eaa785ea34b2cc0c446a35d21020d5c4d73c756a9fb61beb2b4470459da1d2401cc542d2695141e3f370f6e37d62576a90faa894ab2cb711a718e7631bafc32ae0f58ccd7a1be8a4f2b02bd879658ff00e63547f771869ec19bff0045d86fd0ac804f6f728752dec052a4f7685e627d584bac566b6b15d49747a725b4b5b8bb69c3c91441030922242e992b0c74933765ff000bb71c1ebad76e9f97ca2d82142b3c51dd4b7c653cfb312c46365845383d434be7ef1c31cfd263e1bfaff2cd2785c96cade789a1af85ff00aa828e0fbeb5c4e748f23d50c5d39b6881165d3325baf2e056842945a5280a907862b37adc05dfec1b7c37216269434df86156491fc47daccc7b315b5b95987a5d62b6782d0c8af2af306e0d124ac9f77c051cfc4e2577adf65697a11ee92337f2898db0448ee63b87b796a7335126b07e8c373fd169674d96a5d8e68ede656f573ca6331a096789dc32f9739161e1837da53fcfca8cf6dba18204bfb2be9655d74b7b5756f0a9cbc50f3932c65db2d5a5eaa5dae18e79e695e291a8905cd59a9ed5758062ba6d8194f07549836a92e9aea47495d04685a3aa03c6a5d19be9c3deb919436fbcf3b5f379570acc5e38e608cfa0b6a2fa0b96e3feeb1b3b6064eb78767bab92f2ec6512143cb6465b776acc95f136a51f86c46326d0daf818b9b5e8a9046d19bcb2e515a1b4325c2518d492624b8f17dee3edc3cf5aa5d65549f6fd9a28daf7a7b74b99d6dd4fe2183f086ad355e6d52bfd35e2b86da426142e6faf1b45d184dfda2268260d6f573dba8845ae21748df22fd1e76ddcfaa364b48d5ada27b98c5d59995d90a0126b1576639e91c0e29c7916efb5f96b37dfd3e976c5de771db370b4b7dab6f9259db6c1034acc9a04ca1e7676d2eab55a2e5c2b8a74fc991aef80cdbeda1d8776b6dd77b96d6484593ee568f02cfe8ea7962349cb292656e6e4aab4cb8627a7e792ba2f1df1949d656f63d496cdd45bd5aee5b2f51595a4a2c95d5ada1952dd8c8b33c7c967fc68f5394d5a86923b31dfae97085b8be59eea6eb17b2bafc9ae5216b5da24dbe5b8b945a5c15bbb7469c0e696e5e927c3ddf3638b6e7bd776f34fe043a02dae20dce2df5ba82c65bab7dc66db6df6b411eab9118d3cd491245f1b0396ba81e1efcdb4d368e69b35fb3f516fbbd6e575796f1ca6ceeb93690ebe622c4e2161acab1a3f375aab531d37993af99e5caba87f48fa8ede3d76f2d8bdbc608afaa8429078f8356aecc72f4d1c379c89ba33a2edf6dbd5bfdc6d2d7786856925a4b28b6b48f2a6a795d5bc5afe4e3896b8ca9aed5ddbf4f7aaba6cecf0ed11cc96f358086090bc66081da5d2a9a03923c6c34aabe991b8e85ae3b79d985637ab4d3c3b7323149ae5b379182ea5e9be8aea8deafb67b9b929be084160a5b52a144d0c048ac955d5f27da3de712e9ca65d7cbf7dd2627c31b27e805bdc408f16f8635b656b5785ed86a4724aaea7e701e12c2be1f17cb869239f7c6df082c7ff00db1cb08ff51bfa771e4d9b8fdb2e29adc25eb67cb75fa7ff00a55b7745ee371b85bee72df4d7710b668d963451471254007ee9c653b7c2303865eea0c186e58dfd5eb79a6fd38de6286132b9580ba8152512e222ededa4753f0c18632dfa19d25b4274dee9cf487708e4bb08259115cd12352402465e7ecc67aca1b4bdfd34e8d9e0914593405fc4668e6935ad1027cccc3caa38e25b71d6b30c47527e96ee361044fb711bad95b06125a3fe15d942751685855246af651712fab1f030c7b1586d5ec2eedf92c914a92da5dc914850ccf41aa54614cbb9714b293d604ee09b7cc25820616d2c2aab2d95c294b76d5f289be4fe256c476d72d90b1b6f70410bf26dada66e2127072fb86213ebfe1d38e4e9aed1b2e03f71dd7744d71b471951e7925910696ff98d0c9ffa7896b2df93fbd0c6bbbde51124d6313b124399c3ab14e3a12313b78b0fadc52065f5c6e2f58ac8c17323d74259b8690bb71c9e98ac92fcb14372d9fa81aca0bbddc0db65d5c98d2e22612c80fcc163015fdf55c744d2366b4e83624bc96dacceee2372a6531cb1bc62458fccb9b3e8f8e1b0dc5748fd31369d357fb9469b9d9db6e491afa4792343cc814d5caddb0216427b1970da650d6d275ef57b75ddb5bcd67b7ea31dd25b9b65fc69de48c3731eddd7c2637d48749cebe219e783a5d9d5ac8bbd33d09d5abb36ed6315acb66bb81af22e956448ce9d3a940293f9bee629f92de7f24ebcf2864d80ed3b45cdb1bb93d6db48549b7a200e4c7147479b92c29ab5788a62dfa3f44dc71e783b6c7e9e9cb45bc4930b9857f0dae63e5a20fb61d75343eea8c71cdaab2a5dc6cf71b7b9865860fcc63a6a826699537045ede55e22ad7e2d8ac56511dbfa8772ba8de05953763110b7765730ac77d185e1a6b48e6fe0180abd68bd3fbcdac9018e379326b8b09494607ef6a154f8eac25d20ca84dd15b625da9b5b48ad255901950c6e5d87b6ae62fab13b13df9c07df6df73db45d5f5d6da6f1e5128b7b981c088cf32e912945a36ad7da7048bf19232db3ca67ba69dc08c950a609418d91ae995988ad0d4143eec1b6a4fd7d74cf882fb7dedc6d97d2341130921903186a00abc4da7fee0c47ecda3936b89e1cf7aaba2379877db92bb45f585ab4c79715ddb3c2006900458980646147e3ecc766bbff00953d40b76db2eb69bfb886653245092798730416d197f162d3684a1f717565322862555782b22fff0020185f255668c32ea8c556b4d3f353dd8dc85cb4da24ba84b79476663fb7065b87a5dba4b3458e4d2ccede104feda60cb7086db6f79eebd2a0a31f88fa460c8108c4bb6ccd1303ce88a92ebe20a0f1514cb0b918178ee39b0c4f1c866849552e3cca4f67b710adca649135086588c675168ae226d419a8a33f82b631b901bcb496f4b5c5ac4cd2ab289c82000cd5ecf37c9f5e2cc46b67bba6ab53013cda693a96a00ce80f0ecc014d62758da4705d19d39aa07025e99531bed18b72298a2668bc311322b04e35a88f51f8a8c284db545b42db2bceccd504014a64d4d5c3f7460c85f4b0b3779ae0caba25904c9365a980e0b9f0c4e88d7c171b45d4765e958cef725a3489fc2032fc9d997b712ab44cb346c64b55358648a549602c6814904819fd851835a5b44bf31801f50e424500554c81f20f08a777b3863ab5a95ab2bd6fbc2f2e6e7cb0c924b0ac4227641cb7911584813485a82714f62ead15c758db584686e2637f7522978d58ead2891ea679493967f279b07b3a75d185ea4fd57ea7f5d7c90490c0969318c0b64acab147fe24924819c6afdec0d9543a9375df1ba3f6cea9fccfd72c92059a2bae733a4cf5d2552579565d3cb6ca8a305566325dd3785de76fb88b6c89b6fbd8e5f57c9511b4444b358a05866606aead13b52bf2fb4e3838f1f27edfa369b0243b96fd6a9711dd877919f45cbd1411c6a08005467db8aefcbc39ff0057ebdac6bba5f76dcf7191ecf6edbdef5946a616f1cb2ca47b502a1c79d7f3d730e493c42478652d0ce994d14a9cb70dee2cf83e188ae638502c972c418dc18880c68ff6bc047fb30b37cb42779ea04b178561845c4ad9f3645248a1fbb87932c3766ea6dc37adc6082659614d45de78d594d7fc3515eef0ff0036379f2371d72d5c7d32765b47bcdaaf849d2978f18db6432b1bee694d52096823204ad148b17c314e9cd5e930b1b374e7516e367747a7207bc1631d5619d8a46fa891a2b2963ccf037d585e1caec9b9e6e7d49be8bcbbb6beb69b6d08e34c32a985c03fd3d2723f89db8af4e780812ea296311dcc5ea227a3326a3e32381c8e5f0c73e035bb58b53649e9d79502e4612ed28f7549270b8a16ca41a395a4229cb4ae4b4cbe5197ca304cb25559b6cb4789a24fc1d634ea8c69008e190a0c575b559b045dd86eb05bc8a9766e1d5b502f1c6ee587ef29ae2d3a0fb4b61d71b22c43d7b5f5f4a875186699e3895fbf968ca87dd4c36322f54a7a83661631eea967710c4d74d6f16e74852269d50b32515c387f11cb86127bea8fd990abaebbbedb2caf6ce3934ed37914f098a56ac4c6e45baa961f31510f1e3c7bce3bb975da9fd2d3b66bcbadd6d24dea7b6f5915b5c59ee335e895d8c696fcce5408a32a649ce3d94c74488ebfa7a5b8bfff008ecd6bfa82dd6fb0d9c0b6d2adf5eae8bbb798f26d9a398112081df597934a103495a0634e3869b47469333c84eedd2bb0deef16b633d842e75c37535c0413493c70196d4c3299356ba9890b6aa96a78ab8ddba41acb47c5b6cdb76e697e5eca08e187c30451e82d368aeb28945d55eda578770c73edfa21adf504877adca258ec6c9cbb40ed2da4717339aacce242692194799453bb80cb1c1fec6d53bb657acfa3dd9f9bbadc14e59d296b090d3ca7b8b1ca23ec6ab7ddc3ebcf7dbe59eabf79d3bb76ed1416f1db4b6f676bcd8ae6cad8b1b790abaccada9b5092e42ab2e9fea678e89c59356b2d7a536586c2c4471c91496ef1cf14127e0b0928a15003a82d2be24d5adbe66270f39e1590437feacb3e9cb7f51b84ed499ff0ad5a31cd3fba5081a3da706fd66a2c8e3dbeef7d19d45bf36f379eaf62dc8ac371b7ee70b1b905d0889637b74884aa3c04e4c312fba6ce4e9a6b44fa7fadee6eeeed1d6f229ae564812e65958066b78d839131d3990c2a1b88ec384d3a7967e6fd18f976db69239a012c04346d9ab50d4fc31db1d7b6dec494b99600c0d79872f672dfbf18225a63433bd6add40bb50fc8ed52f2f19ca2dbc92ac2ad585d6ac595c53d98ca147f4df6edf76ee9e16fbbd80b4be79e595c42f01521a817284c6be54038600d3ddd7d0dc7841a44f4afb16b8c0957266d0a14d49620806a3dd5faf1b350c975cecc27b4bcdc6d2b6dbdda5bebb2bb81754a5d35b2a9420ebcd57ce0afb30bb6d242b8adfa7e749236fdaae2e9a921dc208d9268e551911046cac3dd13018e0dbb7962097a33aa6f6c16f362960deac5233135b5c4e21bc631f19798e1e325bba44231d1aed360a1b7ed7bdd86f36c9bbedbb96df6711569f5492fa294aae97494ea78d497ff0015651ff0b0bb710cb6e3776f652bde5f6db6f77637f249e9ee56479d401fd28c4e5963523f795cf6a62578602cf4eee5d2f6db8db5f7e5f124f130913d44ed3d3f9b557e384ba511b8dd2e537f88c536e97b06df26535bcf0432c7f1441a4fc461bee57da2c6d3d15fa65603d5c9b8b497d2d79b189a3b794acbe706131b71fdec1f7781ef0d6e9de81b88ee37bd8ed6f259ad414b9495d59cc923e9552afa83737b49e18bf2e99470b9d53bd2f4bf4c4f7db2ed89b76eb24b6b6d1ca6168d52392232bdc22aeb855c6b914b2ad7db90a745a6f654b5fd51b1b9e9ada2cede2b89858c315b5fc974448d34863acccacfadbc1278c7d1c312fd3fdbe0faf4c83cfd636528b2bbb79a5b796d25598db72798ba94051f67b14638b96b75f91b74c085e7506c1b974c6e90c17896171336a4b44a4733fe269a3a19353bd3e56723d98e8859b366bd37bb6d3b55b04d52db88d04d0b212943c55975511bef2517168acaa373b3ed7bb2088c020bab5158e21a55a21f6e19451cfb91b01c2ae63b8b593ffbc25cdd4700a47b942596e61fe05211ff008570017b7ea09ada1805f44b77b74b945b8269e5b0ee928072e4f61c2fa9776824b7b2b9b72d1a6b8dc294611f00a75076a1ce87ecd307aabc99abce89da7700b4bb91a653a82caaa1ab9f16a6af98e37d49796b7665bd0ee306ed35e5cdb42bb6a4f72b777d333e975b5568210581d2aeae0b681f886b9a1c2de4eeebcb49a93a96eac6eba8ae36b89a1936cb4b1892d2d8bcce2200961e2652d21a9e20d70974ae1baa2defa0d2efa3e567bb8ae373b7d325c451ad0f2677e6247112de2915b3cf0b9b12bab90eebb458d93cb1cf1c91491368634c89efc5675c9301826b28d42da233ca33323667eac3cd2d18316e2fee09e58a57ec8a7ecc64a5591637a296f751ba4efe28f98aca09eeab60f60b3b7d8defe3c9611d042fa24773a5c7b8633d82cbdfdaf2f4c9035c18d809a20796430e0da934934c6fb042f3dbc2eb776e407560c596a06a1c3c00e9fab07a84765b94064d6c4a2af9547015af01fc4705d42d8b8b69256822579048353c8288c5c52875250f677e13215ff29bb0dcb1764c4723936a1fdb83d81b2ef4f347a62b740030c956bc0d470c603e5dba4796e9aea51034a4881174f8a12fcc2c00f29d5a4f8bbf1b90743b65a29fc69d6186958e99d1bfcbcff6e0c84efb758f29c3cad1a46bcd3a0020a8eda1edc2ed42f6dfb5c6f7492c11cb716f6c235b686ddc24858ff51debc09f6623b5adf6ad26c736c5b89b99f700db4dec72c56f05c4ae08e64914bac4aaaba403ca6ce98afe7d25be4b6826f6f756179e8ee48d08ef5319d48fa75d343f94f9463b77e58f86237de1a1b79ae64f16831928781e5480ff007b48c4f0a6ba853f5529d9af2d2fad9a4bd9e66bb8ef1650a839eb46f0a80c4818df0be957377b4b7dbfa0edae22499f72df123371333348850565d4d405f99a134e9ad33c1a66fcb7b4d67c19b06c9bb6ebd04f0c290a5a477cf38994bace50460bab203a5fca3cc32f89c6edb48ce5ae45ae376bada3f063bbb0bcfcba15336d896d710c8acb22bcc583c2f1c7ae2d49cc90a535542839e0d2c1b6f76be5b0b3e98e96dcaeaea497709a79ee6569b94e7d3c946f26984d35fc1b11ebb7f8174962fec3b17537415f6edbced505bda58190dbacfbb08cc937a7212e122900e66a46d7c0f8b4369c3eb33f28eb239ef526d3d5db2d375dd2d5123bdb892da3b8b57e62b4f17c848ed6fb5e5c7374e32fc23d3fe9e1d6d7c10451484a4634870736f0d781f6e23afe685d4c6eaadeb94cb3b2c5282161fc38eb571e1d745cbe18cdb9e3e0feb567a6ba83a866ea8d996e79ec5af2da55b74883b35b34802480201ac30d5561e11f0c74f3e38369aedabb17eaa6eb753f495e59a5aa9dcad444238535739945c523d0ac1448636f10233f81c537bac9e5bbef9627f4ff00adfab36c49d6f2e5ed448756b94432aa344a2490f2cc9a8970a173fed38e6e7d75d6f826954fabae23beb7b7b9dd275df4bdc308e053273614d0ed282ca433f2884d3a89e38cebde56ef70c85fd9d9c76ed3db5dbd9cd1f8561ba9291bd7fca611d47f1e27c6cbf23d9a8e8a96d17678e092f6dc5d4aed2c90a4da8a6af22eb034e17bd92f81ecd2c1b7dccd2aa46e159c6a43230094f7e213a43622092fdad20e54f02b55c6b275667e8c3fd85cab492d9c82dc44ef0dcb98959d99742463fa92b139b57d98be9a2fbf297ffa855c7e90a91ae2ea7b72a4d42cb693ac8387109cff00b278e3bb4e7309ce78f968a0fd17b9bfe9db2db13792b656f7b35e35d5ba5ecec5dc69274344abaa9db4c369fdbe45e73543bb741f4fecdd43d3bb358da311784f3e4dc539ad5e6539c4738c2129f7712edbdd7e1e87e6f5c79744976adb67d86e363d9c10db723daee4d08f488cd744a4c118a3249a8a16a8e15c88c670e96fc976c1fd2f676bb0ecd06d97114914b642975a0c454f2d14b48d214a32d54f8973c7474f0e4de03f50dc6e536e8796521b459a49898bc24a48e551839f10766b82fa2ba7865e16c72f6b529bd81bae2d5e157b9998554b55b59a53c254f8f2eed38e2f359b6d68df4e6e862b26dbed62923df6799b9715aa6a95e0311d1561fd07d695f1bf6e3b794c08d56d1d39717572cdb909176c48f55bac0aac8df7249d0871fb9180bfef0e3bf4dec346b6dadd2ca182080136eceeb55a4f10528e4aaa2d0aafb172c12dfe4f800eb2eb4db7a7ec68e55e6950b41650b09d24434f13a100c69edc4ba7590b6b866f3ba6e3bcdf497b7d233c84f822248554fb2aa7251eec797b6f6a17286ea3835c2cc2b4b683583da5ad949fae46c2cb82dd513cd70d0491c323472caa575a9a1a1e35eff8e366d847ea8bfb56fdd5365490ef57e6e7fc4956e25d24fb236668c7c17159fa379fcba74febf0d0dafea975d40caafba73b4f956582197b29c51233db869fab63fb09afeba75642796f676573fef1927b7fa8b3e367eaadf62dc7ebb6fbcb0d2ed104a01ce2b79644908a1191a8a71c53fd867b251faf5bc1847ff67b68815cb9b3c8f4fa060ff607b2adff00eb7f547a4754b2b23cc057259cd0114a66f84d7f451ece4d7dfa83fa8761d6973bbd8ee4d6936f121934c650c15cb9b1e82e5072fb0b8a9c74ebd87b0e5cf507545e5ca5cfe717eb70ad47905ccca592a095c9878721963836ebb56653d9c92c280023963caa0f0f7777c311de64645acef24867f556f2c96777504cd112a588e1aa9937b8e33974bad2cd9b5e99ebf3656e2db7880bc1a99d37280b354b36a3cd8ea48f17670c7a1a7e99fca928d4dd33d07d5967713dc6dd05edadcdc45ea9e3f04b22bc2802cae8564a2cac4d18e3ab4b29d83ea0ff00f6d1b0dc03374b6e33ed77216b0db5c9f51052ba34eb14938e7e6c2efcf2cc392ef7d25d73d1b2bade22cb6b6fc6f6c1f9d0e5f6ce9253fe62a6392f02e0cb3fd45bb8ad2567884ea800752c100a70d7a74d3e0b89de0cb1a6b11670dc5f6dece914a1f448966d70cecc0ea7af355bb7e8ecc4ee75f824b5a8db379ea2814c56b7a65b420ac9132a784357211c8a53e63d987d3f47f95245bdb0f48c26e20de209ada7b99159dcda8e55208f943498e9a7526474d2befc7469d6366b221dd6cba2ef6ce7bcdba59270c240d13ce1154451d726984ade23edc3fb6b45d65517da21b1db615dc2dae652a8862819e078989978995538fb70de9091d1365ebae9b92c5638ca350188a19230444a6815f9ccc547ef6ac6ab105fc16971286b45ff004d19aa3472a1303f6682549a7b386332bc4659d8ada5fe7203582e41a29a7b4534fc3065a1b71b4de6da656b28a27129adc6dfa4b45703b6aacc4733dd8d6536c2e1ed55af7678e69b6ead2eb6f6463716d2af1540d112157e6ec6f970365c0bcb7b637b6497f036a66cd42664fb08c64a4c7970cdab7fea17eb1dec10f3ec57fb9cbb75c6df715658e7bfe67a791622da7c5e9b36a7cd8bca7bb5be11751db6d767bc47b5456646e02d2dd4cf36b89ec648e376963a021642e5478e9a7bb0919b69b29f426f97178b27e71725d2068d565091928070c954569de73c43ac42e67cb597e2d2e290df5a47741d7c131a78d3ed9d34a1c79f26d0b90abae87e9d9af3996ab71673952744454c4c7ded5c527eada0cb277dbcd8ecf7f2411d9542eb566604059470543f38c75f3bed09957bbeb02cad14a5e7512f323d67511fc473c57eba036d373b8b8bc9d565314770fcc7a9a67a6bc7df836d307417b06e3633ca657d65f2d499d47c30da63f90a822bc51ae41a636ef34fab1b408ed70dbbd4e95273d4ae4814f66256d60bfa6b48535c720b7cfc214ea523de6a70b806abb00f5bc1c96a6915fc4e3f6b8e0f5010216b5057985245248543404f670c35d42f4378679e168e347bd9e4d0c5f24627b5ab9614269c594acd6ef559a07ac6ea480cbfef0312a3180a936df1eb8a599f439aa9880644ff008a4d49f72e142bc3bb3edb34b2db0d7a50847620120f7d30de9902f69d5adb8c734129079c5494202d4a0d2a49143503b7fdb839ff005a54b7173324d3031f36da590968181d080d6ba3bbcc7863b3fd880cb8db2c6e0da5adbccc6de7bb8e2bab761f8a891bb3b089c785bc319e38cda785b87941d45d33650750df6d960efc800a5ac8eb23062d6d52dcd6247f573c42ed8aa74f0cf6e3b6db5b8bf8b96b1b58ac69e1018349172a191c135a6b70cd97c32c5b4df24b32ed1fa59d3b666c370db269de358775b8b659914392b2449a7b7ef1c4ba699aa6bd3d593eb5dbb76b0fd427db6ca664b6bc92daf8db87716d20a2092678c1d152f13572f9707ae109b65d197639c2c28f35add42ba635b7bb53198557ca2dae555a25fe34387d396549b7815ebfb8fce3708a1fcd6096ec9b68916010cd690812167b85123309a6e6b14f0e9a0271b7f46910bb600b6cdf36ebbe978b66bcb996e2e2ce6124f24968238d7209e9c72d5347e32b2eb9740c36bd74d8facf60a1fa31b45ddf49babdcdd5d6df79f8b1aedf35b46fa694d318912489b2ef90621ad86db491a9dbff004c3f4d6d6117b0c571ba5fda10d159dfde949f98b4e507879369cca50e55c4fa6d1d7f9f8fb0b5a6c1d25b8da5c6ef69b66e107516d06d1bd3d9cf3442d62dc28cf0db1852772912c8cce9cb215c6950172c746bd259e19fa35c5c7f0e69bdef97fbddc1b4ba3b8de11b89dab68dd2ee49a3591d9d94e995d3446f443c71cfd79dbe5c334cb3dbb7456f16b737105adc25cb4123a5c2ea649d28d5a1a9f1ff000e39b6f584dbc3c36bdc76eb496e62b89da58099ae6244d3346220ca57530d0fac33d74f70c1acd761af954dbb7ede2e5a2b33748568c2ee6bb91e540cde4d5f847193963c97d1a7b1e9bea6bcb268e2da2caea30ea50595c4714aecba29ca68dd60f9fe753c7f7759f5e689ad16df6d7a723b916f0dadc6c7bb4f6486da18e696ee062c89397916632321d0c568afdab8ceb3487bb075b58f584303c92eed1c7046d1b4c9752cad248bcca3f2c08bb46339fa54ad5fdb0ec775bbda5a6bd3692b182ea59523063074671c7aff000fcddad8cd3af97671ede9f2d0f5b5d4106fd78bb6de5d6e733dc87b312cc6e2ddedde04a223004f867965199af878e3bf5eb0f76fb3e1a1fd2cdd77f82f1f6aded218ad668c4b636da099fd407a382e7c3a587ca7c587d3c3aff4fe6c4cba7cf69652b18e48636771ab43aab154ad6a41ab015f946587bae5c3a5c248f6d8e38121803430c200890075a01e11e10c079471a6335d3d4deca977b44734262958bc3346d1bc4a38c532153a546473ae4ba78fbb1b7c96b96c7d37d5d6f7377b6c96336ede965b431dca98caf2944ab1395d51b315ce9a7dbaeb43aa3d35ca7ea39b77e9dcc8d666fe6691a79539f63030b2fc135d4599d5a69bfe18556fbd85e7c44d5b4da3a6ec36cdc2e3d029b7b77b7822166ada6863d5adbc44f359f48f14953ede38e99a60f812a471343144be227446c8ab0cabe166cc5046d929c80c341866badbab60e9f82290c892ee156f4d1106121990a2bcc3c5f8756ad5713edd7d635c4f70bcbdbfbbb8babeb992e2ee46acb33d2adf74d32d3f7787b31e4efd2da96ca9247ae4d5212ca0528c41cb017096ea16e62920b7fa7b45e02955b4895fb7ed6016190c71d3cca5bbb50c059135438a1008f65719549aa19286a09249e04e789f92d47508b9a11eec12309cb0e14919d295eda7bf1b914fe6488846a20114e2300ca2171914414af9c777bb1b80455d21881ac647335269c2a381f6f7e1fdab480d00c8e5c33c013ac8aa05053df80264ba6514ccf667df895848b96973203a94b293e63519fbf0b8aa6b4476cbeb8b1b8e7d9b18595f9944348a55d41f4c83837880f363af4edea32e8fb3f58ed9b9ebe6560bd23992dbc920d2f414a4751dddd8f4b8fe8944d9a46daeb2f38aa8949ab32aa8661f7980cfb7e8c56ab8657a9bf4a3a137991aeb70db2386f587fefade90cc09d3c1d74abf9879c1e3f74e276418713fd42fd26ea0e9eba9f7bdba63baede6496e65963548aea05a8abcaa0b6a886bce451953c4a988edcb30be81bd3fd46f7d0d26909b8521469a303a7cd5a63cdedc6c2d6bac7709a58da2981222a021c014a70a65894da97d9135ac4bfd2511773c5553c299c63c1f562b37b07b2ade1dee1b344b065b985000e9cf65ad0d47e130d1c7b9717d7f432063f550f59689b835d417319e53cb281cb88c878ae541a71d3af5cc5a367b5758cb6db7ddddc01a7b5477e4a868c47457d2b56095f17b4e1f2a6563a77ae76cdd5e5b29a1975dd2216834abf2243c5448f2db2e06e47202f13b6ddb82a9b88c5239900a489f6ebd8deec3183b7331edb3b6e102032850b771ab3565857831a1f32fca470ecc00c17706d93aee162633b5dcb069d6aa44721fe9b8ac9fe2768e03196b049fa6763bc99b78b3b2860dd75acaee51486917cae54f8750a64699616ee2325ba5fa5dfea16d1b4bc36b7b26e36935bdf4771433c3e9a2934904e601eec57475e9de50fdfbf4b6258ae2e766b57b4d00c924708001d1c078c9ae25d1c3fa77811b540c9b78b42a6468f261c4fbb1cbb54561e66ba4786c145adcc674451aa3bf2bd8e5d9b1cd79867b77dbaeee3669a0bc6134b6f13cd14cd02c0ca57cc12baa85bd98e8e1d314ac0c3d3f797214c11b37e1735d8a914f60c76fdf2031ad27db2ec25d4234bab1a11c4014c34e9ec7158f74b7ba408f2f26422ba680a7d241389ed2c6229ecb6c652d349465f222c92301f4c5869404dc10b288e390322a90b41dfefcf0d356a355ba90001d8ad2856a298dc07b95723c3a454f6f660c011bab0b95ba8d29cd885344fa854e9e15c2dda045690dc43217721d6802b0f10f0e8d7ec1e6c4eb0436eb9dbe399e5b946999f5ebe6039d1748aff1631a56b31716e92db9a467fa31800046fb1edf8e32132a6f1c36f148d7003cb325022e601c575a320e03c6f543a48ed18db32cc8cedbbd5d6a104b2332015153fdb85f481a5db947376fb81a4c714ad712c75fb4aeac3e225c36dd17fccdb25d413d9c33a0f5514834c319d414819701418cd75f657b7916b2e8eda7768b957b141aa4015d44673a7794a1f67efe5c31baf86c6d363e8c836ad52dba88e37945d4a905b867760001f3af628c37b12eb2b9cefdd05d7d7bd711ef11a722c44f159426431978acc3149279526310359497a28f670c1d374f4d3fc897eacee577b3ef3b6aecf753431344b2dc456d3a856916421e3906934c8af0c7a9f8f9cda7973f7eb75f8663a6f7dbb592ded26558f5a836e23392c74a6a63f337ef54e3e43f771f5b70dc65ae4bebd80c9c8b931f35744acca25465a96d26a0e55638e5fcd76cf9535df0aab7b00bc95c0976bdc6008d737bb6f30ab03c79f198cd7e21b1ece9d23a66faec15fa8171bb47d1d3dcf3d6e16da48258772b3b8902078e42ac74c8ccbc25ff000e47e18afacd8ff75d7e1274a754f53f4ef4d0dced15adec11a3817505b8e7dcf29d86b5132f2c392d27cd52d4ec0319f9b1ed857b66ccd3f6cbcdd77cd9769e97bbb15bad85a237971b8a843acccf2ac7278c1fc746975fc31e97e9e575d7c383f374f38ac36fb73bbf4d6ff796570d21e4ca1ad2e66ab7353fc46d658b0afbf1e56fcb5bfc33d2d9e5693acaf2675e748b22823420a98c53852beec72de38be1cfcb6fed80bdb37d106fd797305ac2d0ddc8cb71038012b1f9580eca7b31d7b670f476d24686dfacfa94a49b76d6f2adb4757f4d02914660341d2845787ff15c73ddac726f6ff0a777d63d51088d2f5a61cb61f82e79115540511e6ad95147d030978ebb7ca32dab7fff00b6a5ac7786259206044459d0ca41353e1a659f76335e3acf85f5d2041eb4dd5e358249f971379a375215b8710001d83cf5c3ce309b6991ee98eb392d6fa19269f46df1926ed607d2caac349d00534e424f2d38570f35c1b9e74f815b7eae9ee632d04534024d334531b89598bc66ab30a3785ebdd84d3aef9f35d9bfeadf69e5d37a67acef27b5b4937ab5492e45b191370b7110951a395e22b3a11a9f5511b2efc76e9dd0cb5bd37fa91b2ee91a8999a1bc4778e68d94f153c6b8dd7f44adc34169bcedf73a9a190915a3bd332c4d69ed1963a75b283e4b7daee8893c2d221244ac0ab0d4416a1398aa835ffb0612ea13869963e5c845e43950546a007b781f8e364c057b4889be9e75bb8e5595544565227e2215af191a435e3f2e36ec11df5f6dc9750477b726de7b73ce7b7950c8a9cc0f0ab9917244f38a9386d71438dfea14b74dd4d7f335c73092a9a8a3462385574695259b2d3dd8e0fd132e7db7acd240c8ac482151399e2cb50fc3c97e32d7f70578e386694fa7984952dde554264e756b2c5a34803d848c3fa53e9f20cfb0736d639e293f15b355905574d00f973e0060f5a36f93ac3a7f91373aeae4871fe1a663ebc251351c88ad478733d982b7d5e96014573937d918427a9a6ce80306e3c45700f4579212a7f0dfc3df8dcb7d55a753c1c9f75063652d862d2b4cd8f7e1b25c52ea5058663dfc7064d352d7c20507bc60c9b06895b5050751ee3832cb0e0598905781e35e38dc46c913c5aea5486f80ae16eb5ab96f25c0a245a8a82a4023bfd984d79db7c96eb1a4da8a4735add5ecbcab759241236758cc5192541e3c5971e8f1e72277e5d37a4b7d6dc2dc0925aa72966b76620020bb472c5a721f872c256bdb5c7665d026d691cc811c5401455601941d2cbe56a8f348df48c180af73b45bf25bd35ac3cd232508234eded503bc7d3869886b5c27ae3f4e9761eacb4de76f862b2b4dcf58bbb28a4148e50da9de3047ce9d9c31c5fa37896d2284d797d15c284303db0f37355ccc3fe623888ff263cbd514f1de022ba883de38e280b35c5d2426588fa80be64735917dda698df58657548b708185dc442302a52407837bf3c34b86fb554596ef60b39e1b23ceb1b96467b4958900466abe20750a1ee38a72edb5be5bcb6b7e537e9dcf6d1de5f417aeeb693208a67a2b2ad38369035b7bd31d9ece8c46d9e469e1282f639a6b6394d09f0b7c5ab86cb257ae8dc4a81967d2635f1b84435fe753960ca902fa7ee525b5bbdaa597996e032ad1ab547f20f0e797661982dd35777295b4924fc4b77e5c878ea3df9e17d42e5dc7b3a6fd16e126d90cdb8c31954bf1e09029054fb0e4c71937b1939c9f0afd464ee36b0cb0058921a97425bc44ff00c9ae176b94b7d32e682f24b6dfa7841608ea85b4834048ce98e5b09609731191e287489d9b5b3950a4d3ed5067f1c25b4951dd476f729305d0eb190aec8146a233e032c4b5b58052dc725088b48b78d4d146a490fd27149e5ac775ccb752dfedc8429796206220f84aca6b99fbb8edfcf30602bdb4b8b399639a331a9148dc83438ebb2569d69693dc1235e855d44c999e1eec4ae20366dbaf6125d994816ef705ab4aa89795414fa716e7604101644d41ab5f761685e1283665a839a071c6317ac15a3bbe53307531bf2abc0b0e18e4b2854dba630c0d6b4f0dc336b3f75a9515ecf28c3fc82d9de45711b311e30e538779d44fd38dc05e965b9b7b3d3121588f9e5a1ad3f9b0b0a1b20073cfdb8ac62b49131f10fa30c116874f1a91ee380341d22609772b78ef9d84333a8d3aa95248e2453ec8c727e99753e9b61d32db6db884c56b653b2c708555886960197cf42d5383f377ca9ed91fd9b678e5968dba8460738627955a31c7371457eff0f6e7c71d6ac6c6d6d76a4d3103ea4c63c4d39e6907de6b8c8d4b2edb653fe28886b424a141a695ccf96997b30bb695b98c7f5bec13ee82da556f0400a4800a102620962466d42a3338eefcff00a26b1c9d387b390c10ee3d3dbcc769b9d5ad24fe9ded4f807765418f3bf5eb366dd711b4b5da84e90dddf4f2485d4b35b899a18a8de5ce2d071e3fb7afc39f6be56c7446e575652ee7d3f3aadcc1486181d82d5852896cef578dc51bf0c9d7ecc673e9e7ca9cf4a16d7115e2b5bdedb1f5ec428091ea626a4bf3496d0f99f9c1c7669fa3130aedb62b59d51be6c63a4ac36b993f152ea15b2551a9221652897553fa86b18d1558f19f9fae3776ddfdb40e4fd44921d99360d97645b736d0ff00a5bce72dec81c2b2d4c291ad7273c4e3e8fa75974797ce7f750b8be8b7fde23171b6dadddc456eeb25b48a5246844425666afe1c65e8cbc3dd8f23d6e5f57ae9cfeb4d3fe92ec52399ed6ea7b58fe54d25d13dde2a9f8e1a3c5bcf4f6f00fb37e98c773d4dbeedbcc69ecf6f16afcd51491c5cc4f2b0a761140b962bb6a4da937ddae3db6f0d8d8324173069e4bc4ba649917ca8c437f53d98e6db4436d4cda3fea95bed3724c7169961796bea1093e46d0d439621708fae15e0eacdcd2ea287708e09a507494450027b4680b83079b3496dba6cf7f726deeb668521620cb36acdf4aeb6a8afd9c6fb9fde284373d2979737bb7a6d69156a15935024475d59d7ef1c1ee3de16687d288f92a2182491342051dbf0a8189dde27948fb96e20c729d1a90830c89452156b4f30e67cc7b7f60c28f64d1eed730b290ce19490b2545483c694e1fc58cd75b0fec3bb27ea55f5a5cba3a73128b19a1a780ff6fb78e3af4ed81ec3527eaacf24a5420756357640e3c3e0f287274fe1f3478bed2e29fec0f6682d3f55f6e5598451ba461c51974b4749386407cb8dff00607b285cfeab4eb773c0d12b43cdd4241527469793c35f2e4a17c3896fd47b00f5275c3eed75b3b47b87a0b39e64b1dee187f145cdb464cea8cb1995f503a97223fa9ec14af3ea3283a9fa86d37dde7f35dbe28ace1991636b520ab4cc3cecc070f8621bf6cd437549f70b8b24db3f33b292da1b2741cc951983d6b5625b915ca3a7b8d3862bce4aaf2f8325de6ce476979a0295d04bbd0293ec3adcfc4e17306d709229eda3db61b885873e36e491a4d2849cf4ead3f30ecc16c1aed93ee63b480402ba8dc27335541d3ecc4fd15fb1259da73a4e52b927486d5ece620fd8d8cf41f62ad92dcdc0536f42553f1165590f8fbeaa9e4f6e33d0d3786c9347a79a2452bd8357fd98cfad9ec89d23648e692458eda4ff00143265e6ecd5f70e17e9a557680a057668eb20aab3cb18ff00e6c1f4d63d1c1397088a8e58d00e6c7c7f9b0ff4d64da1ad67aae3932388a6d3af492af969d7ab26f2e9f97cd83e93cd923593c72721c951196573a24198fe0c1f4d4aec9ff2a1140b7c419630d45888d01c78bb6b5f90e0fa6b3d8d7b44b510a4afa84912ccce479037cb961e71c37d9605cd8dbd845373024c6e473286ae62eea62b248c94e9f7a8cdf7376d8da41ac146d3446514a798afd96c12c12aced36fd43d47732436c9a2ddeea49a4627f0a3795823aac856924a5547e10fa70f3c9e6aec7b658a587262b6b6548208238a279175192255126a00794eb9189d5c71d3145c9b74e4472cec42dbc635331059eb94b901fbc07c31990e7b7dfacfb6cef2596d12469344cd11376e564d49e6fc1f8fdac7375eacb5ce7aa7ad14dd2dc6e7732dddd3a858cead2a4aae814556555cbb8638ee9764ad65f6cdcdf76dc752da88a08128f28a06d5fbd4d47e9c179e08d5dbc1a450d4e26c492dac0a5a85a393bd4e9fd94c343982e6456d123197ef9cbea182b15b79722c9f9433391a65976e3395f2de7e01f64e6c33f351d919574a3a6440f61ecc746db9b7ddb3b676f4908b551114f3a1018363aa2da8fedecd2c051c02ba74b8209a1c6ab1422db52cb718a68542210b13aa46ea095f2f08f0cc5b2041bdb3668b2216c876e00b5b8c8e744a78b0eead311348a324f3ba14249af1a6780de8c5f54d8ee30dc25d5a11cd6411c6ac69a9836ad47f8713b10b1497d6aa169a5d13528ec594d3d834e589edaa5757a35b7b79d44b3051378980603f13bb2a62335482fa9ad6e9a66e48d491e5cc53aaa3e38b6bab58869ae2e37859a620c16714896c8dc38529fcd8edc7ac320babbbb9f6b8c5c4ad231cd4371c36b72d15dbcbd9ec1a14a096746a54d082fe5c26dab0277fdd2e64e4db7291176e805b1d150b201e692ad5275f770c579ea1e48aeac4086fac442e32657043d7dd8d0bc2d0b466550cd0c67f11c2785412000c7e38c0ad72c6194d0814ae96e34afbb13b01c922b2aa28f0ab242ed4e24fcd8cb02dec3631476f3dedc43f84ca9ca975500278f83cd89d074312a417ccaa25475d1186ec5d5ab9b4efd2a3f9fd98d850ba1269aaa3158ca618856b5c6da4cad6d9b7b5ebb80bfd31acab70e5d0aeacfef347f4e12ec74b696875dc4a89e3b7358da9e12e381185eb7db5f2d751e9d8a2b116a4cb23cb2a069cbd7c4f279fe9c797ceff007c2bacc36f652c0f0a1d17088b1d2286133baa9cb8783d8d8f627c2d0776e491d10c36ba9eba51db970a85f6d00afc71ad17363288c94cfbe840afd182d62a24492c6e0c3249e0319d228ba5b88a9c2fab6573aebae975bbb2b8b4922604a3b5a3d3ecf0eec2cd73ae6a7b80c3bb59c16b15bcf791a18d150c626563e0f2f84c85b1e1f4e76ece3da791be8cdd5af77b16b6b35b1e6401b992b55d618abcc8523459d1cbea3e06057b8632ebfd72e9fcfbe7e43ff527a4372da2f6fba8eded961dbef664865b6a14759998a4b24511693f0c94d5f1cb15fcb8dbc51df506d9ba825e5c29346a52d642bca902b451826a4a02283e187ba59529d368d9c3b7b4d0a6e7b25c9b76b81cc92372c2da54fb1442027f0d31e971ede3155e5acb72a891edb7fbf4d14ab3d86f2f004b88a250e8e16b4752fa849e63e16a8c575b2ba66f47ac6436f247b6eef10b3964fe8dc40105b4d4ecab0f03fb1b2c26fe19af39f296dfa7136fbbbebedb26921bcbf20ddc824766256ba7c2ccca29a8f018cdb7a6bac73deaae8c92297d691ccf16a60b9b6a27cc0f10711bb547681fb66feb0bfa7bc91ca21088f2d247147a0691a9ab19754eeab93d86c37b26ad7e9f70d04249af940737fa7ccd0ade4c4d3ba9f1f4bdccf7916e2eb05a582c4ec40b9d4bcb3048b34fcc6046a8c14a2e9a70ee6aecd60c23dbbfe9c86e279eff00d55adc242e228e88009e48bc4b503b64cf07a41813b0936292e1a1fce21550b1999ee0308e37e5eaf09f7e17eb37ac50e9a9a3dc77696d6f2eade27777896e5a855e9c0866cd7e18df41eb0eb0481c34d76c96f132bdd67e2324629451a78795bcf8974dacf82795a8f694bb9102cd02190f368b204cc708b31c3db89eb6daccd36eba437eb5adc2cad24a288c959487140ba9bf07c5928e38ea9caa9eb5464b2bc86559edcaac92575c2031215b8f81796bf5637d07ad49713dd9b585e36e5bc62559f5025c02e563f0ad383316ff00b31b3599f2cc3b074d752fe962ec76d6db96dfb6bdddb02ac6f1a2b89249a25e64922493233b16ad6b5c75697493e1ae77b935949bcdf3dad9bdbed526a7b542e1e448dbcca0d4b67efae3c8e97cf843775dfd3fddecaf7a756dddd243600412094c6a485a51f35af69fe5f69c7a3f936f1e56e5f09ee7a67a0ae2e3d25c5ac31de46546a44f4d527ef41cbae2debad6edae42efff00453a5ee216369752599a679ab4438763297f9476e1bead5934c02dff00e86ee2b10163ba433483faab3c52c401f6687b8c46e95beb01aebf4b7ae76dd325bdd4418911f2a395753f8c1d11fa858c7ca33c2fa51e901cf4a75aedc9285da2e56327448cb0b3286f0660a49aa9e2e1c309ebb17d6aa2eddd42ad4165787bc2da5d9a7c4ae33d76135ab2d2751c96a2d9adef042be62629bef767fcc6c6f918af30df2e628e236b74f14192398ae2adff00a583c8c53125dfe19d655b5bc6743a94aa4eb9fb9a1a60cec5faea6b787ace5ba37916d9b93a9145290ddbaf93975aa94cf4e5ab8e37fb366b5e93a77aaaea4777daae0c92b176510b266789ce4cb1b8d8de8f0e9bdfee906de0c0d2554a5a4f3d82915d55cda4e77f88df26371b0f4686dbf4b3a82558a4bebcb6860910697e64976c14701aa211c3fdfc6c9b56fa8cc3fa41b6c4034d7f3ddc83cc891c76abfcd2accdf5e2d3967e5beb0736ee80e93b762f26d4933a79a4ba76bb07c6478958e85ca4ec1d9869c756cd20e85b0b388b2ea8a18a88b1212a1575f058c10abf018a4d219e371602467b532ccca42ccfaa42950a101648c82c2aa3cbdcd86982eb59feb7ea0b9dbf6893d2c13edb3280feba544302a2925d5d89934d6bf32e21d77c7c13a6d67c382dd74deed756cf7f6f1c575b75edc33d394a851a46d0c472cdcf16c726d199a1e9d39b45f129714b96849409a15535c6da0b0650ade26c2fb6dafc147ecb6b8add579681634f2a81fb7b4fc710db7b4d813d402d6b4f61c4c61ed54420d2553c5bc3518a150491eb6d798f6658d154771754b47078e1f9c6f35182e39766d346a095f3a8fecc6ef0fb6ad26d17e61b360e28634592a0538f6658eae772dd2d6dad2178e3e35cfebc3d74ea09b8deb4772352abe99812d1c74cff008a638709eeee246dc2da468f4868dc2f8078a9dff8d818bb2d648038e3ef388a915e29555a8533efc61b201fa807970da4b1bf2cca394aafa480d4d3aaa3d9810f2c35ec97d3edcb319ed6455e2f6f550dfc6723fcb8cba8f00b7b7c972b0ca4059e0f03b778e3c38627347222bbdfe682dcc9aa9193a5403dbeec566819949da572ebe1e3a81f69d478fb71d1f2d95e60cf2a203e145f2e1a4c1e1647634ccd02a8a1ef5f2e36b047a76d0eefd57b64377495269d0cea40ce3b760cca4529428ad8d9b603a8eee6cb7fde6197d22f29a6792fee98a8e546be58f479b98ddd89e5b85dbf1d3df9eedbb7451e9b601bd422b00ac8d0cae035323a5917339e783230e2f73751eb98050ac5a88684530a55a83d3fe5cc247655995cea5ccabc35a1fe2f17d18ca1605d5bcb6f1d9469a95450be60e429c7f7b12a1412e24b791aade2034e7c08d2169f40c342a04423fa6b5f754fecc559566df69bb94877568e360da1db25a8e19e12d120f5bd85b058a249c452baa7af70730a4eb223fb5e18f5fc69c312bb2922fc36907311605d3156aa1a9463de711bbff52414b9dc5e031cc64d4913a0efa8c727e799dd4d5d9b684dbaf6c91a28dada28b446c1098dd98d7c5953ed63d99f0b8d4769b7471246ee191b31af3008c685b84c11c5e60c2955c0159e59c1d419123af857564c3dc4630335d692916b1c8d231049523ec035ad29fbbf5e27bf49aea9eee7e36bb686e39c96d08b9e2d3300ce5bbf53571e1ceb9d9cbb7cb20d7fbc4fd557925bc845c58d2389c508047f508eca9efc77ebca5d5bcb6c3b08d8e0bad8d6d6d62baba06237905c878cde3ca422934235aaea91539622f96bc49c7072bebb3bb5d7d9c86eb6b936599a19e1324a8793713d6ab5efe59ff663d2ccb1c9d35c359d29d4122425d6746b4621521cd558bf00178295ed61e1c7274daeb4dcee1af7b6b7bd44b949085d5ae19d682443ef19d3d9c31ddc3a65d1162da56bc864db77350eca2aaeea344cbfe6134f37bb1d37cab10c0b79b4dc0b3ba6335a5c1ffedf77e5653f626273a7b70b75264425b417311250348de65ae5895d4d8739eb0e85513faeb252a41a4a8ab4056b5cf0d825d40eca54b785adf9af1d3cae8da5804e35d1a49f8d712baa360ced2b0cd3d39f2dc55836a0056a011c48ad284d4703535e271cd764c69ecec35112947626bfd257a8f79071937f2d8a17fb56df2b8d02d3931d0ca928f10205064b4ae5df8b4e8642dd2db74e63781238d58308349241d7e5edc1f60558f6c9766d451f3086256601bc06b50ca410de63c70b27b17d516ca0c97b0dccb29996c8f3270c4e97874e9ae46b5d7dd84de62b66aed1b4de4173696aeee0e98756bcc907b9f4f0c77ebd655f310df6cf0deda9b858e3b92aacb248acb22193b1039d2dfddc52699198e6136db3c57cf086a34a291339d3521748ad3d98e7d9ce133cd042fb489819595a405c0a9a0b571c07ee8c73dd6b06e1bcb49242121e5c8322141397bc639afca3bac47bbcbb634f342fcfb7ba8f952ab122899e5970f7f1c5f9ef85b921b2ea2eaaea9bd1059334b05ab46f713f9013a8365732695d7a18e5a69e0f7e3af4969f93b4d97525e6df669eb60dcae5618a924f040b75a47da6e59591cfba3c76e9a5c13af692aa5afeb47e97de3522ea3b442e40d372925ad69e6ab4c2318d3e46a0eb3e8a974fa7ea2db25639aaade404d2b5c8eb523e18041686ef6ebaceca7b7994ae6f0cd0c82b967a4103b3bb19886ca58ad0c44b8ac8edf3161e2f82e583d637312969dbfc3635e3a41c2fa33270170490a920eff0b637d065ed33fce85bdeac7fb31bea328bd3994d3d3f0ec29403e04531b8832f36da2a185ba65c1e45ff00b71bea3d8177db3b378345dbda220cf9d33c51c68470cb53360f51eccecbd5fd33b4f2e66ea7db4155d2613b85a914f70906366b0ad8585cc8f1c53dbb4124138468a68194ab29d3a8864f0352bd8063721e3048e5dee668e389d57c494652412589d5ed3853017556ddbf5d59343b29dbe595f37f56674739eaf072997181c9fa937ffd56898c1bbd3635f23c9691722139eacae28ccb9fd96efefc43aef826fe18fbb7ea894726de468b98adcf12b78df579b5c87c6f5fbc71cbef94a794566bbdc0b6f6af1c71db431d0059515b9fea39fccd21687c3e1a70c65de34bb76cc2d260cb7721229a908143a5f983fbd9e27b7403a934672c421827a83733630971a5bb893fd98beba6425d9669ef2cd6e1d794bf285cf094abc18122a333db8194377b974c643292a4d09c539b792b6d6ebe98b9a834a2855d4c1bdc78fc707457619daee8dd431ab8a3cd228958a900e8f353b31d1c8da6adf25fa68a1f093dc315d9d5ac677768946a4525887059958963f0927693ff004b0e9d57dc2fa18af6d999cc4c010c18bf69cf2677c006db71b51645a395494e209eec2fab3214bd5fb6850043aff7c53f660f517665fafba9a1dd76f8a3b548d160928cd1b54d3e8c1ea86dd72c2ec3feaaecfa9a6a8be72d427e3960baa573442ff6a8640e2dcea2c3f09410016f8e253763312da4cca75f997c611c80c0fbb159b355cc4436a0b427cf42333868222b59a35dcc338d48ca75015cb158a4206d55600900574e318b1632cf1dcacb6a4adc80447a0fe21aa95f864c718c741d87a6afa585e6be9da1dc2f6688b53e48e1e3357b5b0873e2e95b878247795d64866686293b59647893557d888d8039a4d68e2e6a3c51ebaf9ab9632236a29e578e596343585cd4a0ce830dacc9a513b19e282569268d9750d2d5041424d7553df896f0f23da123776672ea99191941a1f7119e067a8c5a731a7816211982735599502903da140c25e947a991dd5dc36b23dc3736394aa2a9f2abb71700659e16ec44bb56d1038f56ce65828152b9500a11c3dd89dd9b3668ac62814134ac432500548fa71cbd37c7882d85dbb6f6dcfa82c76f5a3a070f726a34055ef38a7e6d3ce54e7e5d8767bab27b331a12ecb4017522a9a7de0babebc7a6b89db9b8449230dad4f94108547c48ae0055b89202a9a811eef0fd38dc1326dc5c4c56a256cf2cbb063663f919657a9b78b610468f70a850b198315a12d4d1e6a7d9c79ffb76c4c6a975d986dc77eb4316bb4bdb696484e6afaea4fef290b8f2f870db39ae79e50ec1b7dbc978cd02460ddcc416b99045addf88ab3c797bb1e86dd2c985f9691db76bd8eda4827b692492396d655135e5b7e1872b0ea76589526a2e9941d4057532356842af9fbe1d98c39f7ea36c136d77a6fc4493c13bc81a457577575f92451e3cbbff009b463a7f36d6fca1d358ca6d16b6f6fb8cb112c91c6b235a46ea48e53f97985294f761bf4c73df0d9f4c6b4b79212ed254d50bd065a69c07dec6fe7dfcafcae442ed1cc4b22ea59ad56b1166702bfbb5d247b08c7a72ba68a59b5a6edb5b42e8584d1d0eb0c4fd6d8cca7847b2dd4d0ced6776089e2f35546a3fc5e5c29b235776d15cdbb50021fcc38571a6ae2bd57b38db7799268bc10b17d5164a28fe6e39e32e11d8cb7bb886b895961653a4124aea34a7c857e6c705d239eb4363b8c512a5b4e39720148fb683df895d42befafb74704ad441237c89913fc416b8a6919eca3d2dd5704728b6beb1319401ecc970a1b47053a9719bebfe148be9750baa8b92ad2819b38a67eed4c30daed636055fd85c59cc2f6c6b1891b5cb1a876046ad54a33114afb314c4bf27923cfd69796b34514923eda846a79e221fc7dec2943ee38dd342bb27495e6d5baed167243a2eeea0d7aa569227918f7abb2966f7938efd2f81855de3a3ac6edeea7494d94f09d5cb94f3013a3564686984ba36eb1ce7ab3a6f73d9aea2e4c62692dab244e54b2beab696abe1c4aeb53b146c2f6fb71086d111b5c28d753a29880765e6308f803a4787f9bb862138a7eb9f918797648acaf24b7b3b99af248d018d508432125096e6349caf0912f6f77047d769c755f4d645ff00fab8bba9dced5a76000e54d6d591982950cd41cbae93c6986c5869aff85fd97ade5b685d61220b58e6410db503c6c8644521908d4828c7cb4c7571ebfe5e7fe8e36d505fd3de87ea9952e76db87daaea65a4a904cc8a653fd464b59a368dabf7655c7467472ddfacfe7ff60a4fd20e99dba59a29faa23be96e0fa58c0d965ba0b21f9c3c32c8b8874e9ac76fe7e96fcb3e3a17f4d57c1ff5ec03dfb1dfafec6c6cda3a5245d05fa7b193c8fd43815fec9daf705fd8d8d981848bd1fd35ab4c1d7b6c7daf6dbaafec5c685f8fa53a463004ff00a928920ec860dc25fd854e00736c1d18cd46fd51b83fbbb6eebffeae371186ff00d27d06f32a37ea25f5c4afa82a0d9f7362742eb626b253cb830c433f4a7e9ac3af9dd5db94ccada595367b9560da7581492423c4bc30adc291e8ff00d3195350eab9ad99bffe6b60b9671ff9730180615e4fd37fd3b950c927ea30117726c77dafe8d58d6b7dfa67d41d3bd35b6b74cf4fee1baee73bcb25d3dedcda436d6747a6b5314923499e9196303a1ec5bc5bdedf5c5adc06b19ae6378e0b888eb4691fcba526d68920f68d1ecc0c9b329bbda7595a6e336d77d7bbe5fc518ac7796b0edb6b6f221f9a2b89248cfc2980f006eb6a8fd313777176b6e9e25fccfa821e56aff816a9760fba98e6db5cb3d7dbe5971badb9ba16f35ec37400d2d71034a4193ec80f12c9ff00a78e4e9cecf84b6d6ebf0ba157bb593c1da9afbfb32c73e294c761420e75edc1808eb2ae41b3efcb191b954dc36cb1dc22a5d219241c255623ea040c5f5da8c9fb5472d844b6e8c658d786b34a7d185028c56443a181a70c656026fb14a161d2d52f2229041e2cf4c3f3a7d7c1fb5099238e4b7f1346325634a8fb7eff00661f69e4d96d9eeeda1b4da2c5e7491edee14c894851b9923d190aa90d423bdf1d5acc2fac5c13c4a940a18e356817bbce925aa11a951dd0692d1154ab80722841cbbf0d94e81ee1b45a8dc227b69827809d23907ffc13160c8519a1b8855b582aade673518d2a84ca5be7a8f6e0659909bbb678d18bcb5124a80aa1ad6b82c4af38036f358b16428629c7f4ca2d51be24e12e48b91dfb43459516551c1c9cc612e91bea7dd35b1d400570e75730b286afbf4d7098a4a1af68a6765214271a834c56500f0451b5ddd346c0aa3691ee38ae5b2a7860489b59242d28cad86696c0db9bd99b56904d63956a48fa300744dab74090431ac8656488a1b83ab32dc78e23b56e47a2b8b87daee2b293347a2300d0283aa991fe338d97c0cb925c58cb6dc900894ca9cc3a7303d95c27b2552596e563b5c1ba4fca43b97291a1691a32a4b4942238ca9ae5df8b6868256f73b46e724b7aabe99848e8239183b98c446834d69fd44ad7db897552191d9c732476e804442e957153a9fed1ae257667b9369dbef923757919086e5e93c313bb0f7128b6f9198c2f47b765c948c830e18cc93f912b1b5823912df355fb00540c46dc8825b94bd2edd3f3adbdadcc5bb46a6e63ddf9b1f25c23e96804224fb3e2ad2b86d7f3dabeff009ac1dfd39e9cbf92dcef335bac4bbbb7263420a4890ff9814e3bb973f586e730e9b1db22d1918681e55aafff002a8c50eb891a229a8d417885a54fc386062392086470a8245aaf8439033f761b4840edd69636ecefaeaa353484a4719f601e27c737e9dfd58e65bd359ddeec376be89269a22396f3fe3aaaaf01ca975c6dfc4b8f2f9f5bb572efb39f756ee13eebd46f761552aca896d0c490c7458d096d112a2f88b13c31e8f3b245394cbb17e95ecd77e9cde1bd7b20a16de28c89636e6168db22102793567c73c799fab7c3a78eadc2edb7b008659cc375342eecd2b465d805d55d5cf68eaacca5a407c01f532b07d0a3875db2e9b194fd46b79628ec2390c4f31721278c05773cbad2a8078abc15ea7ef63d0fc6e6d987b3b1e64f1849199051df4b14ab2f0a926a47b3862bfaab977687678a1b3dce20d5f1a5395cc66a2d6bab513a6b5c47f3ecb706aee796cba8ad45299d71ea6bb3aa86ed722c1b9b460050c598540a6968d8a2fd319c3a65dee1e55e8b90ba55d188521695560dc294f22b631b07ada622c75bb16edf091c3e03053d60bad2d56fd1aaba988ad5d73c73ddd2ac7d9c022791f97ade77e63120f833d5967df8cb1cd57e39b728efa3e572ae6171ae3773a648c7d960de6f86256015bddd1e284162d2461bc6a7ceabecc2fc16327bc75859aedf24687d4b99f4a492ab5447fe60afecc7473d32a44963be74a02ea96cf6f253c0625d3abdf4a612ea495acdae7b692d9590acaa450b356b4389fb62ab29b71b0f4fdc316b882878b692c2bf4118b4e8658b3daac6d947a0ba9ad4af9007d34af7530d3f4332b69d45d6964b2c56d79ea4bf9998ab1e14e2c0e293b6592866ff00d6fbfdb4f6d7570a935cc6179a638a4a091451fc01b43562d63c229879b64f82f43f5a5a5b4526cfbac1ad26926b88955016aba876882d11c0d4ff006fbfbce16ed0b75183d43b1b2c1b8c1b5c4b1892325216689c64d0f8110a85f1c6ade11f5612f64eecd7d8d874eeef6af3d9dd4a25214cd109cb8466f63eac5b4da6cbf3a05bd7478b5314e25e74084acb4091329d40c6c5e20acd49142e67860db5c1f6da324d15bca8d318f9374495d2c7c4e1bcdadcf88fc4e27329f4e72a9de72f991acc9ea1251cce54807293d829c4fbf1cddb3972fa7ad43bbdc5e4290c91dadbac4c74957850127ed176aa8c3f3ecb0aecafd297364936e29b8a5db66d159dad9cb0a8ee124a616faf1dbcf7c813327e9a2b15783a8252bc7f0f6d4fff003862e0b05f7e9bdf4e96f6bb76fef23ca90f32e5ec62405bb6b22c996004dfbfe96d8b77b8dba4d8efafa6b731233c37565cb2654d5c56d47971992a945befe9f3aa35e74f6e90c2c8f1b2437366c59644d0e352451cab55caa1860f60bf73bbfe9948a9fe9f7fb3411430247e9ac2e4011272d0eb94cae4e9caa5b3c67d90c1ab07e995c6a53d417d64dfe4dc6cd13b9f8db24983ec80f5d97a0358f4dd536acee283d4db5d5a393df436f2530c16ecba33a5ade66bedafaaf6717241472dbb46b573d8fcd81dd47b88c0072d6e0c4ad0ee5bd6c7a5c28322eed6b1b10bc2b567ae0248d2adcf497515ac7b36f5b8ec7baee90ea6daa65962bd64af93991c99fc35605631fbfd9cdd24e63dcaf05adc3afe11dbf6648509f65c38911fe1a713c60faeccbee5789bfdab22dfee125d28a7faebe511a1ff00fb785114fc4e38bbf6911ebb8344bb8ede1619d8cf10e0fe6afba4e03f8b1c9f64a90adbcf0cd11923606bd9da30fe96b48e8b5a839776270f8445cadcc71e8c9fb57b3141ea9dca9041ce9c3011246c341a806bf0c146543759635883e679522bad7bd4d461b99906d8e918b59aa481224ac7b197b5315dbe5ad9ee5bedd6e0d073156dec649630914723ea6fc41c56b4c7547445db5b60c9508c0fb41c6ab3e1537b78e3b748dc51d6551941272c006be26d556cfece022a5c48ad7f6e21975f8336adc53fa88384ccfd8c7001f936a86e63652b1b23f991a984f636022f3f4fa2910b427947bb5332fd2493826c2eac5ef1d337bb6b46278d6aee0c132481d6a38784aab61eee856566e8958a3e64571aa78fcd195aa2fb8ae784bd12fe54391341fd453abef6367932ac92373aa35328cc0af661bd12a74918914313a53b4d33c285136b6c8c7d2ea0a5bf119850e29027e5c04334921fdd34c3991c4f6541cb510495a69519530018db67786e2364975aaa9a006a3e8e1886c1aa17b2b6ceca32545d64f7b9206ac6cffea19b367cab52909f171566ecc73fb239646f2d6e9f7222a649c146d67883a75e47df8ebd3656582db46c67d446fa1ab9e98d0789aa456bf4625d771ecd7fa45b7e36f2c6464c5a33937d9e38e3bb12c78bac952168a78b76e09534aa5cc2233e166f2e9a976f78c26fb60faad3c3e92d1d9a402e1bfa85b3a7ba98969bf9574f956fd3fde06d9d5bd3d2bac373134e2de58e721d34dcafa762d1f1c8678f6b5be1eaf4e92c7764bb86eae668675f4ad64cd02aa36b401a9a1d48cfe7fab065c5b4bfc26b6ba58caa2a1269570a48a1f65313f6098c84206460a4fb33c6cc8c555b99f44426ba915635650261c687d9c309bf4f59e05c30bbd6f8679267859e1b70da7c74524f7e46b8f27bf4db6736db5734ea4de56f37186d2162230aeae0786a47bf16fcbc3d7ca5634dd1bd256fba6e70c85d97f0e3e7dc68d652289021608389d4061fbf4c787571d5d43a6b66db5ecd605b59a5b9b17b88ea5da389b932b43109a274e2636535415c79fdbcfcafaf810b890c4b7061812d04c55a4bb3301a540a73645401164221218014354ad7c5ab9f4d21aef5cf3ab637b3deae395cdf4ef08fc39a3983c62a62d3e3593545e0d59f7e3d0fcdad896c1f0595f49a5a3ac657ff00728746aa7b3586c6fe8de23b48bdb2873bcfa69954015768850aa91ddecf6613f343706d672bc8e18f5759e1d540e49157718723ff00b98877e422b9c6916faa49e55b963e222404777e0ca3005fe6c89b64663760ce9c7bb0bb53cf2c9eeb2cbcb7777c954d6b5c4368e7eb70c85b4b69a6112c891b1d2a4b102a09cf05a9d8b3b7db4373c950a92c886a097ce3fddcf12daa791bb8e9d6b88f4dc267f2ca2420fd44570b910387426d1accb2a9754cb4bbb2a1f8a9187d7ad9f0d9b264d8f6c32eb8a28b5264ca0540f7571937aa4d62fc56f15bf85230a00ad00c6e2536126a5602a54d319ead34db9232a31f60c67ac6237b8645282a921ee18c9e060323dcef1af6ca29a10eb0c8cca49e05a1901c5a53668d6e9045b86dcd6d2aa32b2941ad44814b02a7ea3834b966be594bc8aea011c324a59e3a09258b4aeb65248622941e6385df566fac74afd2bbf8dac6ec320e63ce106827c4a234218e7dec71d1c34b06b5bab8b7b79a0786650eb250127ca2828335c74da6c4ac3f5374a59db6b7b75057baa49afdaab16382f8332e20b7685964532344ec56235a0031cbd315964339504db7cd15ec5110a42dcd918d245e4c9e5922d409c70cda4a4c413b1b3d912dedd20dae178e245456e75d10e479fc314b10c746bdb03064336d06fa429b7edcfa8671b7a9703daa5ae4d7169df64e55d69ba7edfc579d3b6655d8683119ad640c381f1c8f1fd58d9fa2a984bba8db21dce6bc433a5a4b2484b476e972b234ab489f4bfa4711a47e3c8e2df6c47359a4de77274dcbd6189e486e745b3dd43761a683fccac42e48f860fb23334137cde2ee2df2f6db68a4f0288618de15e5c1e11e3311b8e51388edb0bb5598268a2b3a5e45235c23c5c80f24723141ab982460b515d4bdb85d76a4f7a96dee36c0250b6a60e64662f536a4a4ba8fcc149a0c5277ab4d96e4dbec7739f99696d1dcbc31c5056eaf62b7b8242d2432199e02f216ee8b169d44a43d19b9db4e2087a4ee39df205175313fc5172d30feea490536cd8378db6e254bc86cb69826d25d6e7704499557801073267feee0f76f86eb63dfad60b56b2b9dd61df36e51a5b6f16e7538f69ba3021f8e376e92b36927c386f5bef30af52dc496117e59b6c88047b7c570658c4bde42e383a719b3977f225b4f506f2ad0aad8aadac8579fea02b419f7c6a353638a73906ad07527ff00f27b6bd98ed9b84f0ee8ad45b3b58a7943ff0005ce8fa9f1e971930e9d758036f7ab2106412ab1150cc81037f09f1639febf2499466e435ef21890a054100a927e38df5530b67481e22c64f982d027d2712c9349922866c89fa0e32d1b4c07eeaeca1616351aaa4fb30fcd395eb4b68df6ee4890d6200c7ec23862b548d4ce2d576fdb9d57f1c480c94ef53519fbf16d765e51886eae1974099abefc522b15b726945a5263ad518325588d27d99658d221dc8ce1acee1a365473a4b9b85b914a83c02abf1518041db276a549a8fb433c4e377a25693466e512598a5b97d0ec40fa81c526b1d1c3597e581eb5b2936b9eded05f3ef115c4bf877d72ccf381f6684d01f2f8a9a73c26dac27e9e589e183db3f3c62b34f01b3273923725432fda235621b492bcdd65ca3dfece47fc68dabf6c54151ee387d76519b0cab1b3ca08653a42d388c5a6ccc13d5abb64ba9476b65f50c36ba97095adae5544891abe900b2860284fbf8e1b6980af00b09dc8b88b44d5f6e165a6c2e1b3d9d189359255e009ad7f97199adc1c11162592d5748a53db84b40e25f27e44f10f13d006151e1eca7f361bf808e487582a0541e38e5ae5361db90f9e2ab1202ba8e200a0ae335e8cd651ad9ba7775bb32cdb74085a0159659db42aa6bd3aaa0835d3e2c4ba745f4e752eeed776d0c6c97d0ddadc0ca35828ebefd44e0e3e4d750db649e50148cdbb32a8f8637adc25b4148625b08f9c8ea6751562c070eef1571c5b6ded4b19ddeb7fb48e44472515f808bcc7f9ab8e8e3c2d5b513d8766db3a7771b5dc6fd07addc64b836d0ea5468e28469e682431cc63d7fe1d3abb46dd71b75da07b7e5c6422c6591590154ae90757bf8f1c06f69856ddfa8adac6455b006f6fc708633f84bff11866317d3838e76f264fbe243b145b95f5c04ba7145814168dcebd3e02b438e3fd1d3d579d184ea2ea1b7deec747a8bab3e5ea99d102d084e0bc71c7aef946eecbfea15ded68365b8daf648ece0beb412b88ee279c4fcc6641e099e474d0d19e14c5b5e592adf427e9e6f1bfdec17377657157d53a44c52379a34f301ac780b7b710fd3de69e22bcf4cbb96cb2ed5b5016ad682d2731b1b7487d4338576766cc46f734aaff0088a71e6fdded5d5e9808dab7cb29b71de3d2421e38ee23b882592d6479216e4a8a00e55d8fe03664e9cf1bd08977dea6be920923b63677905e9289cb408a6348d0b2d399ad649094e56b39e95ee4d49ce873f794de4f34ba03dcdc39056a8b9c6029355a78580f2f0c7a9b5c446ec7cf36e6cb209888e381685da8d20ff8da7cdfc18f3fa4f6a95d963a1f9973b85c5fc8faa30296c0e6cd5efc77f0d30af16e2ea5648b4f138ed75505822926dda3028797599831a0d3a5d6393dfe3932f660844dbef89a2b7d24995a8b9e6c082a7dd931c006c4e91d8689101929451ab88fa3094f186eaab91e96550bcb320d2299d313ae5ecc72db5a865ff4c973a74ea6734d3eea1184a515dba289ae0f2e8320048aa175f1e20003e4faf11d92a3e2cf5105eea5d49c532a1fab12f60b2b129014aab28fb5c307b362aee5b96dd62f14334a35368a2ad2aba9b466471cfc59e09578b1728c159d9d5a990d2b4a8fa4e2d366abaaa6aa7953e425412df41c36410c843103323b8915fa30506b43cc5d20d09ed199faf0a17f63e8ee96b9b492f375de24b496d59d8c5955c084a8ff0077e663fe262bab2af5bdd7432597a7f5b3c77b232569138d121e225fc3fe9fb533c1cc9a5026936d5b8ba8ee2c3d64d710bc6b1c932ac41c7068d9141fa4e0de8e956ba305c6d220b28cc9ae54ff0059ac465350017f099057828edc578fe895baba34170cf12aa120b805d0a9504fb29e5f8e3a7e55815bcaea46919b9800a68a8229efc2ed7c37673c6bf44dd2e234fe98132b126b9b4944e1ecc726f5cfb6e7cb3c4daae63025016de28dc5554d62e6ac79f009e5afd38e09ad1eca11c97130860799e44d73f3b492ba35a5529f1c5b5d07b3437dba6e9141b359ee0c0ba5a5629238e350175c8bf8ccaa3fcaedefc5fbf8640adca3ff00a8366115b3057625850698c346c0b667ee2b621cb75a2cdced5ca954497525d342a632d3692a549ae9d473a7c7d98ae6a5eaa52428a1452a465ab1b2d1eaaf2c5205040c9410a01a000f1c8658db45d406fb71e4dcb6898126ba8ab0ceb4ad7f9463a396a958aff99dbbb88da404834275a8cbe8c2de63225677cba23b490a9b740408b5891454ea2400280d7b46784b983d96bd0d930d2230a9f650003e8c67d8dfb17127e44260899922228638f4a27f2a80bf560fb07d8af2bb4cbf89570380e23e838c9b5177633a92c1c5c1bcb52574f8a748cf8bdea317d7a151ed7bef2a71319dc72a9c84a9fc4a70d4711e9a6046d361df2e6f237b4956e8414d56e6cef23b41291db248e182ff000d319cf7c1a6e66e02ce190cd3b59ede7e679b709afee0fc22a81f463aee9e17c780f170d7dbba5c26ae524279458b66dedd6171cfb16d1492eaceda091ee66ac71909a19855ddfca33c47ebade67edf7f637719d28a8eb446d26a432f9b238cbcc6ea1d44cc96cd2850d4ca987e49441d2e4dd73048d447f06baf96bf30c536523450a5e0b25593c8a6a1b15d4f2b41b7c952a6bc78e2baab2acef0c64b6923594ea453315024a958f8aeaae8f1635a1b72667d9d267991da360ee4b6a934af9fc3a757f7f0014da656312e641ed34189c6d990feb9ddb76daec2c2f36b4865bf7bd5b6b686e15d919e75d6b2111915e5ac4feccf3c5a1b5dfd59137fbbee7d3f61be6e4d5bdbc8d9a42a5044a8d34ba15500d41797a45077623bd6efd731125b58ba34b2aabea1a981f1303ec071c9b6de5c7769156e6ca2961436cf19475d48b5fa88c3cd807fa2b796e62815035baa79c8fc4d5dee3b3159b850de7a7adede132abc9a8e9aa8d3dbefc534ea40adb926961e6835540c1dc8d4ac57861b7ea13ee968915af31a22aef288b3e353db8c9d1995b1d351211a24a685ad548cce8afedc1f60f6432593476a6e2398298b278be63f0c2c19531380a5c30119cd8f7e75fdb8a7f032216d737b33858f2afccdc7e8c73e1068cedfb8c568a1e7e4c93f8ad55cd1a5f6061e14fe2c72fadca9aafade5ced5b7178b72b5bb8da4e5df40d96afc2e317846a1a3c1dddbc73c2592fcba75db0169602f646bb756e59358d9c150a3bab91c3ce927c16d5c9ee6c6de3655d35fb401e6639f7db6d91d994dcf7c5122c3248da665e6050dccab76025aa463ab9fe79f2cd20af497445dee570371dc979922ff4eddf82d7fcce14c7a1ce7afc3ab4d63a6ec3d0f0c1bd7e6170eb77711131edb198d63586323595c800d9787c55c36b9aae93fcaf75535cdaec525eb165584a33429c482f42b519e63159ac47a464b6ede7d6387bd87f2cdb644791230489a555424337cd29afd8d38a5ed71e1c734d6075e6f7b7aed30c827adb02ef1094ba8ca434a088ae9f863c6fd5aedb53cac9cdb941737279568936ba08228c8919b571c868c6e9a7a97595bdd9ba736db8dbb6adcb7295bd5ed76b3442dede3e66a852ea794c85866354720fe9eaf9bbb074fd18f874e9a35f6dd45059ad2cadee0dc3e9959eee09d9b99a649223250e42411052a32f36590c799be36f95b598f84d36e5d5b03acdb6d85d6da663a27b4880f56d1862d45520ab78674ccb6174d75d6f83db69f71bd58c888fbdc570b7f2c51471dc18996574925f4eb405a857c4a6872f17daf063379766006f9d610b4770bb5c5feaeed963aa48cc195415594bb166d4a18d33cb14e3c2d4eec100456766cd1daf398d01d3a752a8cab8ebede3e11b40371dd249a47dad4cbadda358e945349799f32e7e1f06338f3cf9a5f56ffa4f66f43630282ca74d6ac33071d9acc3b34d2413dc6e395af5b058c0abcac69a53ede2b3ca883a751d965beb8403d505688123c11a7047eea5302675b236e7bac93e412d5cc60075235778f0e00377f2adb5a12ed47f6d6b89daccb9d6f2cf74829fe348ec2bd8a24651ff0070e256a3b5cb33717b716fba9b148d64b4e5ab99820253471eccf57b71b6276b43b4cb30641c95294aebe1ddd9f0c736d52b45da6bc7990a242d0b1caa733efa613104a75c4eaa0a7cc78a2f0fa7061491cdba99e08b7b9a49e6acd338a405832850348155f662d34869b363d29bc5bd86db6f75259ade4c948de2b8466d4c7e6c1eadf61595e3ba769b94b1b7608d1547d000c1ec69b43560208ae6ddf9632ec7c15e2719ab007d8698c85b2c536b5b79ae6232d0dd282aac0b999ea6a74d0e7f1c5632ef246c760fd355bc0975bcc245b803956c87448c070e61c997dc0e3a7972791dff0067afc2def5fa65b3dd991b6dbb936fba0a523472d2c2b5ec1aaae3e071bd38b9f4fdf6ff003ff3ff00d06f46f44752ec9b84cdb8cf0dcdb2aa72562e04f6f9ea57e189e9c3595ea70fd12fcb7eb6f1f2c03210cc2921001d47db8eb9f0ef9b4653a9ecd238e45b742ea06600d353f1c4778ddbcb996e16696ad35ec03913bb207894920953a99b327b71cbb4736da25b496d2089ed2e83d24d46111f8c7e1579ab43500ae834f7e27750b76b1473b02ca0071cc61519d05309ed6055eb1dea4fc89dca98e311fa59a55ab30150d5cbdaff0056296ddbe5813d3fbbcefb1de245298c98e4f4f0b29740d344479b88f31c24d2434da8cd96fb6ad733c7b99781a341cad4c8913395d31997523d1246f11238629b6d15f09af0c71c8ed64e2e5217d3244f50a1f499342c8000e2834f87b8fda5c3e932cc20628eac0d202aacccae0f05f357b707a92b25bcf475c4e925ed89fc14ca562b48c57e6563e203f78629a6d62759e3d31bdab6aaa9af1f11c5aee8f91ed8366dc2da5e64d21534ae80c6988edb41e5a758b57035fabf6639ec360ee515c88a8c6583063c614003207ecd72c368cc2ff54c925d58ec56d3c50688ac415686258cb2c8f22aea602a728bb7bf14be0de5cbf7be96bbb5ff00556a8d3da035921a80eabeca678a6bb4ad69fa6775dba5580ac434a861e9c05441ab8554000e9f6e397aeb72cc35811a2884f665e323cad1258d8c7ff98e5dfebc774eb2f875cde5807b92adc86637686e11a855e6bcdca565eda6889621f460f5959e996fbf4faefa22f7a3b74b0de6ca212ed8166b8372bae479a35122cc18ad438561f843bb8612d8b73e730c45aedb6277079d234b69e6939b7080934ab6a96848e5e69dc3dd88edb572ed7ce126e3b2996d5e3b86d325746807c40f7d309cf5a986ed36335a2aab2a72ed9482e9472c9f6e83b714dab73461efe90ac11b96571404f69fb9df8a6b4f2ae6dd7816247049a710462b2ad2b510bbdc59731b20080913310ae0778c39e780dda0caf6177b4d676851997423c60146e234b83c7037da27e97d3247cb96462f13189d3227547c5b2a79b19866bbc4dd43d2377bb4905fd9ee0d6b77b72ccf631b50c2647b7e59322af8ab5fa31b93e256237dd8ef36ada2d6d1bc4d636b044590712b1d5f13c39f68c999efc95e4d08d3f86ea7f13e230979ca95875b896163732d55ddb53020015f60a65f0c66bac535995d86e97982640591f2aa81512762c8706fa5fe06fad81db9efa16e165239711d2b461955b8367f670bce44726dadf5f492fa536ca91905e3e502b139eff069c1bc8dca1dc2db7091a38eebe608f1ea07224509fe6c373b0589618dda66826a4a2dff000a82a80b529aaa29f7be8c6ef6425a6244d12465c33435d1764e6735d3aabc7cd8dd4287e54cbbc7a6685840edf871f7a0cce7c716cf802bb0c2d79731ac119699db4462a17f10fcba9fc18e3dae1b20b584776e255be8d4aeb591599c144693fa7999796d5f9411e3fbb84dbb453099e12d1a4d7f726e0dba6a86314450b5d55d29a5eb5efc736db669721f71bd734b428e691ae70c6c48a0f693a30ba72b44db2cf3dc5c5e5d18202dce3917404e7efcf1e873e279ae5b8e8cfd3e3127a9b88c4f231d4659141d27d808a63a3d549a3a3dbd9431db1088d242c2ad323a2265db2ca5795fdec343cf0bad2baa994dc031b2e4c0d578d789cf8e27dbb7ab76e9867fa8b7eb21b5cb0c5273263243a647490a195654aa71a51aa709cbf4651fb32cc74a746754753c31df4cadb6457004af7d7694677e5fe2086123c75f6054f663af5a85e6cbf596c7cbea183a6768325e2496d6eba23fc4749e62c645d4560ed03fc3edc43a6f20fadbee98fd17d9ecd167dc669259a78ccd648681c297455a11af981093e3f08a67a74d5d3cfedfa1d539e1b4b096268e0b3b7f4915a344619e78671185e5a6931395498bbb47f689f155b81d38f3aefed4f811bb9ef2d55aead6f16548d990ced3c8b18914ea2ae794f1bea245104951a8d1b098aa7bc4317597aeb294593c570b1b88e785a6689511c4aab9baf2e29688bfe214f6637cb3da315bff0050c02272248e537bcb8002cb70e890ea08aa4aac6940cb9ac80e3b38e9946ec056bb443038b995c2bc86843e98e87dcba40c776bb4d52b41ba82e6ea0bf8a7b75124c49b78add5cea68ca57355f6f6e212fb175f2d3744f493a986e770456bb19b1a93a0fec38be9cf0e9d746eee0c76f195435007899b891878b00cf5de2fa3dbe95821f1ddb7616ff2abdd8ac021b9cef0f2ac2ce24f53766918515007696e397bf0263565691ed7b7c5129a727cd252acc7bcd4e782b2b13d57d4f349770a471b3a5cbb456d2b648d2c732c5a1a9c036a27e18e6daa36b3ed71249c896dbf1ade489e41e219730bb28fa646c4aec95a49b6a839a973cd24c9a10c699272d0690ac78b78fb571bb6cda351edd6c4ac61b44c1354801c93eee39b6d91abab65c86351566cd9969fff000c2fb3753665644aaa54f70035e366cac0f6b2b5b935b9dbe10ddcf0a093f9e32a315942ca1e5b08c291a3c9414a7d070644488633ac96edd24f0a1f8633d6b7d6c344900c8345a8f92ad466fe11a8e09a56fdd85dd97a4f79deae121b4819611fd5bd946941eeefc7669cd0dff565d2f63e8cd8f614e7eae75cf07bc9802c5becc4a7c23e031d1af291c3d3b884f3ab16d3511fce4f9c9c56ef8736faeb55d7448cc694a37100d4fc719aef94fe9d50cf6b709a4ad1e23951b2714f7611296ea8015604862349f1572607dd8ac8efe3fad4f74b696e6ddd80e73715185db57669fa72e63bddbcad2bc6d1f22f1415104a349756f3639368ebd37942f5bf351934ab30e74943f3c54d247770cc0e3db5c4ec627b55b78ae96929748d155b2d350dc78e27750233ed5e9ece8bf8d118d259430c8a1e654a8f9ce5d9832a4d43adf6cb6b7764dbd211ea4ab698e4a44020a00fae53a72eec0df51385aed23737512514d66b7850e6a53410c7555c69e01721efc477986ebe5577bb5dce1b39b73dae43e8a34d5340aee8aaa69491525328a9900a72a9c005d600c372edfc3a35d14ba7bac2082e6fbc4924b7e932736f285c249193ae140ba5b494f1050faabe1c77c885d44ef7a87a6f72b33b8a4ad24966bfea22823e54b30d5cbe55c33cdcf48eba5b59466cf8e0f54aeaa9b04163ba6dcfcdb778a58596257b7a3162be76903569f0c2dd697d092ede2d28cd22f8d5ca0063752a04846a903e91e04d7f0fded12ba8f406d9a7b9bbe74ed223475a41a239550fc4c785a5f5121131f2e6295a83d98ca30916d0d46a391c8d0f6e3798c2cefb7bb5dd2422d16e523b7b48ed5c5d346741b63a891a47cd8a6c300d2c01472ce68cbe23de3df88d982b11bb6d5b8ed57a64b48d9ecee1e4d2c32e5ac9e5c74e966d00aec9bacf67751c1777c5d00ca1d3ce5d63e5fc40d1fd584fab1e49adb1a8837bdbae18a8bbb81240a74a2cf1d9447da4c4a307be1d3a75c0decfb8cbb5f4f5cdabac721ddaf51d2d0b3bc8c190a19fd531215b4ea1e21d9897bbbb97ff00566ed9374b08c5bde5cba39223054d4a2c834b9d07c272ef1878e0bffd95eef7166b72f04122dc4b1d184c5aae72f21d557f2c9e5d3c31d5a495bea1bd3d797325c73ad609d8d352b28e5a1fe27f053d984e9c861aada4ecb7c1f6fb80b66647658ae4ca6368a531b944ab078c8aafc830ba961d024f6d24b6d77ae3b889ca4d1023506d74a2f78f6e2b16d451b79b6b5b0d57b3ac76c840133f153ecc50dd115cdec3b5dfc57b2cd1b4125237ba0bcd52ced552c8341f2605787e7bb2a7496ff3c896f7f752dbcf79741a3bd4b65e508a5495b412000a4b4669e1fb3edc07edf9aead8db6e60ccbe30a16b9f0399ed3c4fc7023ce9bd4d6715eda13138ae7a88f68a6262c71dbeb46db6f8820af8b94ec3bce5ab1a8d892ed76effa76cef4ddb35ddccce1e1605cc68bcda1d0aba3e45ff1b0b7c27cba835d52de2134b2344d29d4b2aea8d587de8ceb38a6bd255f6db316ef372b1b9856b0bbc6aa524d31af84371f3938869cfcb9955773367043144e45ba4745452450fbc67837e7e444b63bb3497915d5c162f0d10249c326d43ebc6efcf11b534af14354999b96dcd02600bab7f975233e60c4716d4e87d96e4af1f2a70ef6922e8965cd640fcca84d25698e8b30d5c78e39238ee18b010ea11c7aa4d46363439d75f03df84f7092cf6f86ca2305e4b33313511268e5311eda547c31c5d7a67e0cb37bd43752c2f007d30e912ac6a468f0fcba5bc39fcdf6bb6b89e9cedacf7b59b9b7c89242cb2bb3b36b08083207f7f1a7b3863bb4e069ae44764e91df77972c15a0b39451f2a315eed2a00c535d707d79baaf4a7e9f59ede81e6600835d23533b9f6d49a62daeb57d75c35f6c11a511ae9a20a98968aabf4f1c65db0dbbc52ddba8ad2cae448adcc9d85326267fe290e47e38e7dfbf94b6de30dbdf5687a8671a501ac4a0051f4531c5edb6d7ca7cf5bbcf2c7daf585d3ef16b77219576f825b726dc5584ad110c510357b54678ece7cb58969ad95d317abb78ea4bddc6d5229bf27b9b59adc3420aced7138a22ac8d932a8ec5cb15bd6617994bd25b2cf6169241b4d4593481116c2730bc80c56eeb433127f1d3c758cb69a50531e67e8dedbe149a8e1ea4da3676302c8b620b34b2dbdbc8aea4b33469ce974b49a8c51af3e446d008d51b86cf1cfe969fd96d27b6b82f71685eeaed82996de578640e14559a3acb7310456fc65203c9af3724e27bebb4be064eb9bbb1b78dfd6de4118300e48b7845a442d54150a93561f9e45fe987f2d3cc5530daebb5f96573e8fa9a22629ee6f2e84ccc9240d14a1d95a3a68d2594e9190c9b2c74ebce256d0d861965b817777706e2e1db5099c0201d68b5d5c7e65c74ebae3e0b683eedd4e897b3d89b712e83559c9ab6a1c0e9f2fd58dba64960cf44ec9eb2e9371b856172a2882500908450b65db86d7490fa6ae8c91a46948bc3f6fb317d63b3507dd6fe76b84b2b40ad7730fc26620b05fb6cb9afc2986f585caec696db16d4f24cbaee32f054b33b7f09ae34656f62daae55a4dcae117d5ca286d5a43f8317d856ad7e3c706a2b1fd67d477f65b9cc02afa547a44918aea4f7625d33fc25760abcdc90422e5a7d56f14335f5b28a18ddedf4caab5cf4931dcb2e5efe389faa3953bdbcb6b578ad20b62f22b473dc72deaa218a3ab4415406e3f1c1e85b096fbbcb1b5b5f4d190b4796d610958b941b5068cab0a2d7b78e27b46647b67b8764731b8b89ce773a88014fdf23e6fb9c71cfb6a5b041ee63f2b5c2a0a534161aebeec1aeac90c32853a49639e9aa835f7f1c3fa4535857982a72e382268fbe800fe519633074252e160e74715aac75029256207fe612e3fbb8a4d63701d2df2db4933dc442e540492e2c59da31ad35d5832157d0f44cc1edc5b5d5bd6f8f0e89fa6bd4dd01d451afe51c9dbb7155ff0053b73a4715d6aa7084b0ac8bf7c38fddc746bcf5795d35dedf9742f50aa861b68b21c5055147ef62deae5db6aafccd45e4359da253ae46fe9c7eeecc14ba6b2fcb1c9d5136e3b8ac3b703710a1d331f2696fb44b79bf871c7ef6ab79c8d85898e38150b73a7a55caf901f7e3a79eb8476b85830b16e6c8684f1a66c7f7578e2bea9dda54771650cb15265e5331ac7a3faa4f7a8edf8e3448c67557575b6c2cd6b0c4fbc6f3a7543b45882f73caff003274804ad18fbe569f770b6bb7f2fe4dedf2ccc5d77b56ecd3eddd57b349612c62925cc5235c189bfdea4482ea2fe4384bacaf4afe6da4f015b87e9f5cf2a4de7a62f3f39b015465465774af1008d084ff0016afb984ba46ce5bff00965b71b7beb76b5bbb87781992433c535048121f9b967b5b10ba1a69b4108ba8a7b8b336b149445706290b1fc30b5a04af9466721896daafa696884bb96e136d91ca244b948869b8726388107ef8014ff2639f6dac66f2c47cf67b78ee52de44b841a0058fc253ed86ae85f860d36bb7c974abbb2cccee6de22f25adbac92aaf89421d5ab90a0119578f7e39bb6b8be1d9a6cadbcf46da6e3b84ce6fa6b30343dbb5be99642d1b044a81a72551e11d98f479f5a8db950b4e885b7096573ba4f1c283954955635a69d3cca4a24ec3e5e18e8d76c92ea8f6ed9b7bdbb747b5b2bf8a59ee4dc989934a2c863e65748228dab95dbdf8df7a5c54d2eddd6ad6b2159e2b9b1dc50f345ba3481d09a9a244d184e3f201dd85cb4336cdbee369736e88357996d6922cbabfe0ce6693fbb84b198176dc127293c713397565610aa3a294e34914463c5fb98cf567aa98dc6078aa26916519f2e588815f81c4f5f09daa37837c7b99a148e3bb8116079d6330858c4fc55e40b4cb169f04bb2ed9dfc5333c3246432785a3e0ca7d95c4ae96d08f7d103ed12ac9249009957c7cb6700af97c2be2c534e7656607fa63f41a0dd7a72d6f775ea1b9b19ee519a1b16dae6560a8e416e5aca2474a53c4349cf8e3d3db5983618dbfe8edcb6add6fb6be9ebc8f79879b244d3a3dbc28cb147ab2883f306a21b83fcb8f3fa6b0bea26969d4b6bb04b2b346d7b03af3ed10bb5cad3f7a33cde1fe1b3e39e73756bd2c829b15c6dbbec6d69baab41b92295ac619590471c8cda918d5ff00a5d8ddb8b6ba54ff0093b71e88daae763d9f78e9df5f7ab75196dc56ea38c2b18c843c829082da99a4fea57cb8ebf5c4f0cf2cd9b0dcadd12cee85cc56d00d22d6525969f0c476db63fad57776b59e3e4cc443cc511a29650856b460a0d05109196279a9b4534b737505a4cd0c6d25b8f4e270f22cd2b135a36a435cfb78e366d5b36acf75beddbe6f163026dd10b8b789a30b046bcd69e4923d5213ca6929c93f4e3ab4f2bfb4ab9bd6dadb2f4572aea66babbba36ef732bbf3df9a4695d2f52a020fb3f1c1b3d2fcdd713c2e7e9ed91bde9fbf4495135dca72399406378e3428ea788cf4fbe99f138c4fbf7bb7cb476d72f710d528244244c9daaf1fc82bd8d81c9ac1bda2577568e51aaa286a3b7130cb75d6c4115e60a0c74d64e79afdbf7e02d9965aca669ace38e29b98d02953a59d41434a8500803ca3cc09c4fa5b5c539c898c767730b7e1a895974f3626646f8678e5b6c558fdcf61480b328e744a2a5ea0927dcb8eae7d2b301be9d65b70b1cc51815a663fb71d13c8c2ecf3466dda30faa43306ab02188f78f0e1ef9f9144f6a9c721edee1c90c015d248151c0d05057db8e4eb31f095105b38e1692489e7b8594d261348c68d5aea19fecc27bda6c2092e2779e2b9fc25bd8eab42c486047cb1f60f8d70a308a1d574da666ff4a52ad9d1d47f983878713d7934b35a5a5d451d9c8297002334800e063463f5b1c75e9ab66ad4f4afe9e6d32ca6e6e408e36350c00691fe0787c316d6abac74f8adf6fb6b78a0b1b336f6f1ae960aeccee7db9e585db5c797466404bbdda5d9a458de5325a3f98ea0f709f46237f4c85bd2337d53d64971629f914acfe8db4de33269690776b6057e8c176cb9f60ee9bb9e9edf2cae577cdc6f76fba211ac5608d3972ea57918c85d4e9450a16a08c4af1ca5633f6fb04cfb62bc97465b8dc56252ac00d0ff008bcce1fb91ff00362df548bfe6dbfa883f4cc76f19b999b542188b38d98252157a238cb2330fa3b30a9ebb7f66ae2eb45b78a5b3b3b4896c392796f3492af22434f120461a53c7c467963934e75b3a026cfd4266dbe5d216eed830661202ad555655695974b680ce33afb38617a6be559d19eddaff00765de27698ac306a77d6189f1d0854012940351a53863ab4d2611f74bb4ef373148449273398fcc6e605944adab5932290436a6f357cc3235189f4e707b88dc6e96f6970b2c2e222e8734fc37615068da2997847d0070030baeb9137514ea7e57324b7904534848923f0b0aa71f356bab15d781e2edaee97b76ae924691ea6ca3e034d636e03db161fd4b06764e8f86691279210a5ceafb447c5aa70617d74cba058edb6d6108082929e228061e6aa4d02777de19245b2b38bd4dfca0e88092a005ff16520f8517b69e6f971590c936fdb2d367b592eefa612dc31d53cee0575fdded03d832c29136d165717f75f9addfe0429e2b18181f0afdb93b47bb0059dd3714821728c88ad254b820c920e5b9a11ef51c312bdb09edb3907576f33aee105f331585d49095a86f7e29a6d364ad0ebe3a363b8446ac06e55522072485a3d4da7b68482bfc385c14dbdde2f65deec79372d6d27304704b19d2c8d20d2cccc336a8ec6ae364026935cbdaadb4f12598bd88df48f12ab6888d2b0c014502d5f4d077623b42b55616da36f8956e87a60dac46224075fdb9a839a5fef16afb710da316dededdcf35b4996b52c1149afbe989c36b1007a32a2a9673e12c428a0f8018a4530928c8005f111c7048152f16da4002caf05ca3d56e62f094f7538fc7169003472addef324f745c03343108e342e069ad223debe33c70cc682cfd0cb09b686d6310b9d6eb92d5fedb11425bef1cf09771eb07f62fd4eddac37ff00fa7f75827dd36f169eb2178d916e9579bcad35f0acf9f7d31d3af5f0e5e9f95a0eb3eb1b0b8b282cf67ba0deaa2e6490d1a12b1e5995cdc9f1f0f660bda39fe867ba3ec37b8af5124744b4229119884cbde56a3e9c4f49e49bc75cb41cb880f00a0f32f971d9ac72ec66e1bbeddb5593dfdf5c25b5ac6b56bc94ff00dc3e63fc2305a6d75d638f7557ea9f57f5148f63d0db54cb14aa51b7abb5e5ea5ff71af24af79c2e579b6918cdbbf4b7ace6323dff00544f0c772daee56d269e41237da7019031f7e0cb27fe47d7e3fe7fe892dbf40ed20984c9bdde43303512431d1abfbdaab833597ff2ff00f3fe468f6ffd35deed6e44ebd472b4f10a4773e9d12e957b8ca920d43d8d5c27c8bff93b7fe7ff000d35e74ad86edb7bc1d4970f7f7597a7dcb971c52a81d9aa154a8f7e1a689ffbdb560f77fd37ddb6cd535849f98edc0d6492d86a9a23fef62199fe0c476d1ea70fdf2ffcff00e01edaeace39a369e0764d6e648869e6e91ab48323a11e2aafcb8e5df4767be5aeb2da6fd2030b59ad973539ef0159254a6ae5d42972a24af8b40f0fb31cdaf8a447611df6d714ad23a99d5b54be3ed96b9fb74ea5c35d3d8dee936c92e1a6469a332bcb1bb2cb28cca835d5e2e07dd87d7e46bb0d49189109714278a541c74eb7c3a35d721373b6b40cb3dbc61de2af28bf15af1a578635bb68a9b4de6f56bbac7725239f9511416815421f7506073ede17fa83a9adef3698eca3824b25695141b70b33043c468508bf561405d96ebd3b6f18b4dc0b5e6ef1c0d736b3a8a1764e5e940569ccf9fece342a7516e5d3d63b658de7284735c32070d51150d6b93f31fed76fcb8cf547667e2df638ac40b88a31e30d3db88b97ad43d033a210a72ec23096a556e1ea3db4e8b692258a22d95c210cecddf2349a8afc3129aee5d68eeddb9ef1b74705c4314934971234e8da43936ad0f805583524e6674c5b59b3a35d4bd53fa83d45b8ee761729792d95fc41ad2f9d74afa9b4b88d27288aaa1a80db91519e78eebbdadc21f4f693dc2451bb5b990d163e54b40752a68a2ae5e156cdf3c73eccc219b627b8b46b360a6d994b1d332c4031f21d14a37c7139b9863a760b54b89e3dd4cd3d9a23bac414451caf22d1a256d4cc958fc55523159bc03769bf5aecde86c65b482db6b169121852589a549a198b48fa4c8478ccc7d987bd44da0b9b7dbb7b469919664268aeac237a7b8e585bb66abed19edd7f4c525632dbccc25a5046a002c08d3e66aa0cb198258052f4cdd5bb086548a6b88174243a6924a3be346e3efd58241ea13d6fd31bc49636b6f6f6b3dcc4ee2796528fcd8dc285e5f97b9f8fb31d1cd975397a5f7bdc7a6b6ab7b65aa476ad6d3c2da51959247567d24509a28e38375f95ab5d3bb4dff4dd8837018a5697c74a39191150083d87186e9b0dee0c2daed3748c4af0ce816e579614051c25a2819e04b5d86f6b9d1963761a758d4c46753899d3efb602fac2452da68841e38038e5e6c93d96e4acaed1a8fea95340f1f6b301c4e336886daa78ec6e62769219226909ae894911a7ee107c5f1c72ed1cf760ebfbd7868b3428676a049631a232079aa128b8ae8a02db595a3dc4d33f861b789e65458da4e63c5988f264f363ab4699044f71660e8668a17d2ac48a57ddc319b6d8654f6d337382a21918654a5053e18493d92a3106f291b72e78e485bcb5643c3bb1cd61d2726c94d5220b0b8fc4219c1623304e79e00af79d357db6d84734f7a91cc0ea8d6e4184baf7211aaabec3963ae60db69607f4b5a5cef9d466192e23b382250cf34cc1018d42284fdfa32e1aeb246bb2dafe55b042ab25c8ba9621cbe5d6ac1bed658e7dba48d9b500defae516d82c53535b51a0460b237b2ab460fece18e4bd3a6dfc92f4ac8fe6b36e2b70c42dbdadba3482724877d54d0b5e3f2b63272c92d50b0dfa7b5b69eda4b9b592da68cbcb0dc3a01ccf830c77eba29ef52dddf044dbe1db049398c4cb6924cb588c723952bcd56fc50ccc596aa34fcd962b2e19943677971198e18a497d4d999c881519d4baf2e8f5663df8a5d5bacc7c09db6e17975b14924774bb8c303aa3dc891e47120f13442272a7dcd4d38e6df9b3d6056eb7cf0da3877705ce94cb4f873f0e5ab2cf8625a79a9f843d3bb9c692986d659125946978a5c958d03d1bbc6a5069c30dd39c3cd696eeef71bf9a6686037135ba1564892aab29a555f4803e56cf1bce3701f637d3a4958ae564e5b689e08d0aa83ec95bfd986df4830d45b417bbac72d859c2679804e7be9f2552be16c435d6436ba2ded3fa5f26a57bc901b80c291364350e0d514c744daadaeae95d31d0904045d5d912c8b4a2f1038ffb4e1149ce342f0dbdb8a2a85a768c1148ceefdbc97946df67089f7061daceab0d3e690a9e1f77cd876e4cdbed2db69b47bebf32c97eec39d23d034ae3cb1460644afcabe51d831b9ac5982ccdc87ddf77063b489a96f643c4d5ef753e771dc32c274b84e8b5ceed636c893c8fa6295f4a282583ff00a6e7e935ae75f0eaf2e2737a9dd9c7e6beba959a36991246918aa564778e335d0991f3f2d88c736328e6876e9147b9da242cf1c6638d139a7b663c540eec757298633b7527a5b68ed449249245088aeb580144827570a840cf356cce3a70093cac6e79b1106455ac4a699b0e18cc06af68bdb6905b89641aaccbdbacc8c1b5c625328c940006b6272f770c7374f030d14b792accd21943bb9d2586458fda2471c42796616e2b92e4a796a6808c260daa46992290ad03eacd9b0452163689d82a12ccc198b65c07c7148c23dad85c0305c2895578ac738570dd99019fc71b9ac3b6bdbedb6bf5126ddaa331c81a7e6ca5f532f0116bad4e17da9125c259c2799132eb907e243198880defd75c2b6005bc920eba26a019b6740fa8015d577a8eafb59f7e2b67f58b6db656a7b9945ea4f1b1b6b9235f354b2b573f0ea041ede188e6a15b1e95fd468e00b63bccc6e524701aea405963fdf2be5c7571e99f972f5e4e951de6df1da25dedb225e43719c32c7209603fbba4f8fe14c75fbc8f33a6967c06eeb04572a9757102cf743fa333c61b457ec161e1f86172e0f5e9416f67dbeca3e65e5c436887cc93ca9183fc2c69868a6bf9b7a077bfa8dd056a089f7eb677074816faeef3f672860527e0e94c5fd40b095756dbb26f5bac27cb3da6deeb17fe648cbff770655d3ff15b5ff9ff00c876e9fa85d4b65034a9d2d2dbc09f3ee37d0c4bff0096aa58e27369976e9ff8bc7fcffe598b6fd51fd40ddb72976eb0b5db6c4a246e495926a093cbe66187fb648e9d7ff1faff003ff3ff0054b677dfa89b9cb70adbdcd0f2f9bae7b1b58a20395dce14378bdf8e3bfa25a6d3f1f3d7e20ddbda5d5b46b7724925ddfdc68926bb318322ac74d0a1c9ae5a47b4f6e21b6f6ba66b21971737f1c692dbba72e36d6cf23682cd4d35cfd988fad18aaf3ee76b25cc92dd22fe1c6cc55012c09d35cb81f28c34f68df0f585f95bd81aedf56afeab0d4de2f9d0026814fb31ba5b94f5db3f0d246c4b7947b00cc1f8e3bf4f87673b523014ad2befc2d8b5a15760c771cd898295e240a53dd85c39f6d59fdd2d27bcb78a788f855c472a2e4e5868a367fbd85ca53604866bd372e20b365152490a492c7b652413f0c1957faadcbb0c77d1aaee30c90cb19063789a4ca9c382617deb96d0eb8e8605c98677d2d9b2380e6b5af9b8e3325c22b6e89be59f52dc0772daa45745604f79a8c744e8c9ac74ddaf729a2b48e0ba532344141228be5cc534d29f0c6fdb57d46764ebfe8ad977784eefb7c44caac61bd9234668b4f9c0a8f6e29cb695b683fea875af47dc5c87e9eda3fd4cb1b8babb589238a40a491a940d55ab1cf8e25df693e13bbb9c36f57b75bbf2ae328e39962e79e055781a7038862126d46f75dc760f40ce03edd25ba285780a801e43a8787cada7ddecc6c52554e9cdfe09add62dca5d37b70a3992bc5cc5e583aa8ec06a4ce4f948e1824269ae537545eee5b3595b5ddb3968255d53c710d4b1159085a4c38f3015af872a36293556eb81ce9beb0df618872a48ee216feac339320fe1cf1cf7aedfe52d7a5745e5d86ff6119720c7a6a141cd0f70ed18ede373f2e8d6c67372d89a2912dc4815989122343cd4922cfc5ad0a3ac9e239038acb852dcadda5a5c456cab77cb328570b3c48da641212ccf5763424b1c16e44b824d60a11526432c4cba2543f30f6e06df20a2d25b299b6abc69cda5c297b2632aa868c7f52125f987991f60edc059ac8f6d85b6abf5daa7d66398d6c66928d54fb04aff0089ecc660cd2c8ed4910660e470618c2f53ed49347218946b886a1a7b87cb89ed4bb46548460097d2a72557e0311d9c9b6a72d9d99b731b959524a95a1074eae34c47df078cc6fdb33db5b4f340a6eac786b1e2217f8ab8ede3d32a4d4edbbf1f63126874504b5014035b794e961af19ba6bb63636dcb610493493a23312796002bdc29af09ef633d61bb75dc92042ea6597cd2a4b5cff709c4ab041a5b6d6a742f32b51057c3c3e9c01bfddb77e90b3b7f4e184b2875885b40a26968dc42b49ad57e18b5d97db7731ea0b54b1d7776f668524bdb983d38357e5c6ca89ff3035b3e1fdb2916d6ede74b75b0bc805add1d0d35d730bc6dfef0835188fd37202ee76d87f350b0dec3326ad71dd22b00dfc2f56afb78e2f3492269af12ea031db33446de30644401816e5d74ab335572d470be200af5ae16eae237322c926a6490eaa1f656b8bd9e0cd16cf1f4cdb31b8f4ff8f2c42469398574ac9126b52a0ea6d5a8d6bc71cfbef40a4779d3f1c4d7034c9ab523c82b082af4a8ab1739e918e4fb77a65696f76ddc07a482d628a49838f5346255a4e1df51ec3961e5d82fcfd262fed2ace6df4e626b508a89f484ae1f97c935d301dd37d35b2dedb25c5f6f2bea35c9fe9213097fc290c3c48af88257e38b74ae9d6c8937bdc373b1468b6db7f468cac65553490815f314a6af31cce21c76f28b1bb599ee2fe65662b712cced238235020e59b678edb3c36379d37b0dfda48ecb7cebc3595345c8507886672c722faeae9bb659a18f5c8096a5353667ebc3c564163b9241072e3a0a798ae03337b86f1b8df4e6c76904b12a2e6f081cb8ebf2c550751fbc7c3801f159ed7d3b12310f35fdc1cd11b992cd27ddd5a897fbe72c385ab3b195da3bedeaad7219520b6500ac25fca29f6ffde1cb0051eb1dcda1da269a096b344ce0a8f2c6aadcb050f106be2d433c47a573dd982b8ea1bbbbb34853c1c91a5d9816a1a532fbb4f978625a5f295a0ec2fe50933c650c6eb712c90bd256545d2a32a674d59f1cb159a437a88d9c963b7c8f24f6c66440c6181a86acbe524f1cb0d1beac16e5713b5ebf3814797c7a01a81993fb58e3a626854caf2ba20d721e0aac357d1818d5ec505cc16f1b468c108a31048201e3c31c7d4353657103d29ab40c8311a683e3fc3f4e23a859924950058dc53886a863f561b0a6035b739399140b55a4852663f6524d2c4d7d983d4991bb068263031b74855e2908ac6a0e9f07b3ef1c6196c4b1c727e1a2ea6f16be0d5efc6036ea591652e266b85b77e7b292cb91f9c6923e8e18c2258af49b571cc58d663ab9853f114fb4528dfc382053b8dbb6cb69577706596ede1164be3043207461e0d3a83ea62717b3c61b687b4e2f43412f8dc3d436a2a6bf02313b12b52d96d4b048ce2563a4ea70080357dd0727fe2ae33d70a672b91c736c8eefb55fcbb43dc072f1daa24aac42d031824fc1a6bf974eac7572d729fd52b3bb4eff00ba6f2d7936f7bfeeb72d69753442186f0db42d0a706fc34c5f0a7fa9209f493fe9f5c7544b05ded515e40624264ba927bbe5b99284c86e072c65ecc564659ac6fdef3a48ee1b68d8d2c435adcf8c6de91a1d3cb91a8cd105539a8c469f4ad48bb96f2dd5f5306ad06a249a7f1570574eb5cebac7689ef4cb0055d4e0d640003f48a638b694bb6f42b6fd96c2c09b9960866dc258512479406ffdb255723966710dba5f873dbb2edcdebd8c4b1ac8156750d0c288b43e1d7a49a57cb894e54b97964178d1a6a0a99e8b70c15989f266287149e0643ee85df2d20768eee1b6c964241e67b4f662b98b5db2a5725a1b78678e3713b0a452f1523b41270662575cabdadd5c6e0d0342a22907351df5782a54495af7d032fc570beb8538716a76adfadacece3b7ba705a25ab4b2065ad3fcb51a98fc70b7ad8bf4da6a2561bcdbde42f2d393028d4b2c8681d7bd31baf64e773a71048c839ca9ccce1cc51fd99e2faf494fef967e5b6b9b3bb68240a16e1a4785892d90e5d33c47d9cd74a4596452567d61d9b2752575fef5298cc932723403cc158f7d31ac59122d0e83a507129c7180b13b9034795b8bbd41c67b88b500919d2282317370ca596115d47446cdd9f6b41c67bad199eb0e4417b64b7caa0491dc14858286019e1084eb1c248e467d3e618b7e625d69bb694bb8ade28db9f3babd102846d28c5092e5b4f89b57f2e1bbe895d2a51b7dbb80ad1e9745a692a42a9ee63c59bef2f8711f652ea64bb26d52a013c7af4575834f113c71b3625b80c792df68940b6122af2f951bebad0734f105486fc324678a4f93f3e8abb8eea6f7687b78d58dc430c9a64883c72ab4a433e8f1f8f35cb55699d29538b6bf2aefd02ba7b73b978e2b68dcac8a3968b10649107f9a58f80fb8e27d34c39dd13a4b7bb8b2bd7f50ec45d3a3c51c4e08572dcb29eef9b0bcf7c1a6ee91ba462e6c0d5049331aa828ac8a7de463b6575c664c4d63b8ba47aa4b5d4258639aa491247a82e93f64f6635a270ee3cf8c81c0e40377e06abdced765756de95d92ce414963b8881a89470603857bfbf000e8e34dd2ce4b2bb945a6e368da24f35524ff00394d7005ce9cdea69ccf6978546e56a745c20a0057fcd5ff0066006ef36023909d40250b161da710adda39ef51584b6e398a14a83cd8c509040ec389d72ed02ac37c9258d2296dc0a0fc468563d21bb3c2575e17a71a5825b8b1b9b29c342baa45d122c7269627bf4280bf5623a78ab4666da2b3b5b29a69cb3728ab3735400857802d4d4efec5cb1db515fb4bab791edaee48d1ce691bab05126aef655565fe238950b9fe8c132a851391a7946b403b81ecc2155954b4cd23c11928691f9b22722bc7570c6867ecf75992ed248886682407c5902eb4a1a0cbe7fab1d575804ec0c8ed0c17736a5792e0092a2a2695ede403571aea690eae39e32d860ebc5823ba76b79b96eef5951568bccfb5dc7f662ba5b6052482ec4f2f38d195f5092b5634f6e12d261705bcd793bbdbc92cc921256190f873f670189dda0c0845d3f616d6a0dc26a9066f97e1b1f7e1676b4b2d3ade5dae698486cedf52a01cdf16a21400381ee0311e976fe1489372836c65f470af22e271ae368aa55bf87ca3e8c371f6fe4bacb5174a6d7d4b697895b361a082ad290c015e072e38ecb5d1af31afd49dd6e921b549c89b4ad278e4cd4b7c78e39f96b4bd3c3082eb6fc90c51c4a73496250ad97795a1ecc5f6d5396d491efd72ec8b6ccf2491830aae6cf434a934e3e7fab0939c8791b5e90fd3af4f249777656e6e58d402414a9edae336e954d74749db761448833a8d09fd35a0cbde3b7e384c2a9b70dca0b2b6632131221cd8f980f68f9bf870c3d994bdde2e2ee1e7a3f2ada0602e22140edafcbafb57e184df294e944363df12eed9c6df173af2466280f86de1892ba43b0a78078bc1c7c38dd3fed59b8dd96d1e8c3ca1fd4ee7a5d9f70913f0908e08895aa8f62e587d69b2af7bba4514576d6f212b208499d8e732a0f08881f97d8313df6c0cb08dd4bcf9ddde8448483018d8870469351eec4aeb6b96d0f52ad71145ca922b4d1a2258c1f1fef1e3826963302d158db5b2f36388b494a18fd98df6a3daa096392e24264b66859aa0b15eff0089c1ed47b5443a7b667999de313494a5051b2fe1c37bec52fe5db445234b0da84753a3508d699f6f0d7f5e0f7d94c45e4863886bd0c887e502acc7da070c2db9669e53b2a3861320092ae4e7b0fbb08a6dacfe12db595b891562858cc7cb45a03f46326d725943af3a5f7b9ee6729131b7b80f0eb51e10653a99ab4ed38beb13b32d2dbf476f53dd4493b2c52221448c3007966956a357ec8c4e6955d35ff29f74e8b8b6e48eeeeee263355534475f9bb00e5d3159cc9bf8f80785a05bd3348937a301a34479155cb35346a01477365895d488f70dd3d3da448a2aef13b46f40c411c284d74fc30980645b9bcb59de48edda4148a43ad955ff000fc5993257db5ae2f694324b7bc8b78133d19de3265641f86af5ecfeefd388edb1709ff3189637b675495e39393a99bb7bf862bcf37e5b81a8ef12f218d6686012c44ca5a582398962da8b564d79d7b71d1ef3534a016b3de6c1b56e4915e8ff0053733dc2a468eba83f956abc3dc30fcfa4aeadfa5b192b996d25663711266f18910a8656506b435e39e2d6b877ce5a3d8f7e83639ee6eed6c83dac522698a28f42b3988d518201a0788e39f155e7b574dd97ac6db748639e1c83aebd152483dd960c577e97c25ddaf51a222815c8a963d831cbb21b6ec7cdb95bc6f33d1487ff003053b142ff002071efedc46ebe53dbad04bbbab9b893c7213a64d499e9d27472fb7eee58bdc205b79273222c675a1018bae966a2f0cc683886d00a18e3e43450b2549d21c1ad0ff0e232d64a6c728ba8a1879a5d410ad080680af2f5f0fde1fcd8a45b5daa86e13edbb346d1b4d0061a9d231a40d44963e690f6b7ecee187d737e5d337f5f80cda3766bc9bd44523dacb2031fac54d318269e1328ca16f09f1682b84e9cdc5d76bb085fcdbc595ca5d59c72cf049705aee0ac3ad646fc248a18dd59327f16a0ba7e183969adf94f482cbd513c9b5dc6d725b4125ded929996e1915044f1f2f5461d64646f38f01a9f179b2c56eb88ead20dcfbacbb9d859d9ef162b6d7c85edadb735916042ced13205b745569275471cc40da4761f10c260d6aaeef146b348f6f198619c732cd4397ac7f6c96ad0fb304911a1b0394420906be56c09e561279003fd38c1152e09fd94c65195a8e40f1870d5f6b5711c1fc20b6ea9fc92e2e61939514f75146b05cb82796f4615d4b4ec9dff00970f3434aabd57756bbd159e5b679a19ad4b2cb33430c8ef3b40c268d191db53143a3c7e21947962dca58e8f09b67d8ba5ba5efeea4bb9bf30b79ad442b620c0d40ad1cc2a11c4abe1265f146997838e33a6fb16c8bbd45ba24bbabca626b72834c7132b21553f2aa96750bec188cca3687ba874d5153f771b1cf542e2262ba8c8c56be5a9c5652cf0a02dad74f8b96ac384a14161eeae1bdeb73407760b63a42ea16b2c8867d599d2788f0d29f0c3e7d8d969b66bcb69228ae22312958c048cf2c69206902baeb5a77e39f7965661b5dafa927b7b29164672c78d4f8038f9317e5d6df9754de865af517e61badc2f34e98a39278d58d4998889797539d29afe9c745d94946f6c9d6540146a0b99cc56b87e75b28915aa6aee3e11dd8a6c78cfeecb7a675bc8e5d5b85b279446692c43e46a655f6f1c28457920b9b78777b0bc64beb635894da94627fc9700bea1fbd5c007b64bc8fa82d24620a4ea28eac0031bd3cae30bb6b05da84ef5b14a2078a75601b30c9e2a53b31cbb6498733dc76fb8b5baac20472f6b0054d7de315f6b7e5cf72bbb5ccc64024b902a2947275e9f7d7ebc6fd71d7c64bf27751ec16d74eb7709d69cba38d474a49f68203a6bf0c4b6dd4e9a69fc04eda0594c6ca698b8bc0ef550c0165e068d86d665e7f4d6ff00029676496c7431421fcaeec358f81c26bada304f4e44de295a8de47cb80f6e37d7cb70c2edd6ecb7d7104c0c72c4dacc2ca189e3f3a9d3db8eaa515db2979b7ba456e05181424eb65396668535701c312df5c5328fe5b766e4dbcc24f560b2c71a24859e9da7c38dd3ae00d6d9d39bb32a9b892188d6ac2662da3e8c26fd61472db6e5b356e5e91dae0baeb65fb597f663977b6855ea195ee3699a10b49968238e1a96afbb0fc35f2df573fb5977884ac66da5d7c353230cbe8c77590b96d3a4e2dc85dc77934403c0340374b58a87b28b47c4b7eb22fa5753b4be312d4451b2d3cc3b70937cbaf5ac0feab4d6779691ac504a675653cc5034254e79f6fc71d5cec73f58c574cf4f4f732cf3dc23a5bc4f1aac457533bcbf253eefb30bd7a44b48eb3b574edbc415e3b686290ad3f0d403a33f16a02b5cf11f6cad3568ecada0b480128cda454471ad59be1879159106e5d4b650bc716d824bfdc64155b78c48a6307e6935474d3f77cd87f5286ddec52c96f3ee7bade085978abcaa618c7b3c358ffbd830cae7fbb7502dbfac8c3b2adcbc3a125f3928caca4955154d04e67bb09eb9428aed1bcadb5a24768cd0c71aa835d2031cb99391a6858d3b71cfd2e0bef86a6c77d5936d13cd1976e6ccba5109d64ff4d8fcf97be985d3737bb2b792ee1732adcb4134b6d6f12a2ac6197596ae9a0f9746a5f2e27d371ec826daf7992f45f2badbcc32914095c331f980a903e1879fa227ec2b0c1b9aaa97918826adcb881cfd9965f0c17f441ecb502cad20492370c7b58d313fb9b0cbfb72aa6348d657a533040afc3193b056b3b0ba48eb0c5143277eb34fe5521f14fb06ab91dadf1752d34657cafa4788ff0011f17d78cfb1689e458ad8193994463463e46a7c4d70bec7df97aa9b6e3611c4047e25ed0c5999cd0761269c0f0c1ec8fda87feab785e88ecac3847450df0d5f883ff2f06bf29efb36db2efedb858c772acaf76174ca83c28cfdfa568a3e031d5ac747e7d722e2f905a192f963644ce475d4cd1b7b189d4462997575d3d598ea4ea48a558b916a1aeed583c729392b2f7af94fc4613ec70df2cefaadd774db8dcb564bcb8993551e9573ae54714e1a230c997c73c6d8455dbbd35c2f2519e5a820c8e1adca8318341cd3276ab62560101b4da722299e660f1f86467145d7978ea33f94639fdc88adf7689d4db4d240d069ab5d33698cff000aa87c530d50de60313cd2441a5d679acea4e8419f9c8e1f37f2e29cf7c812b0b857b78ee15222e539481d17c5c3c472fbff00560e92d62cde9f450ada6e76e96d24e897112ac8f2d50fcf524d3dd8a70e76299666eec6ce54916cd52e351a012b44a72e1c2418ef85c0ff004c3cfb7d8c91945923771cc504cc8401a46b9796bacd3b594e1ac9864f1579f6eb4129b8da26f457c0eb682b488b76fcbf5639f6da657d774b763756d9efa7ddd6385f4372a65614758f8f8036af17fe1efc73d89dd99e74326d96d1c0935c5f2199af99c4842c0dcaac8068a7c9f51fb4b895d52bb22b8b588219a690381fd4ab0356efe1fb3092990594515b4b15e4d09bfb1d4a9254942918f3e46987901fb66e56d693cb26bd106b22aa0789a3d15641f7b5627742417b1b856125c59ced21b9919156450a51de3259fc017b747d189d57554dcfa4ef25826d509bc9cb52091e42e54776473f8e36751eec3da4f7f1ddbdbdedd1b3b88db425c48a7968d9fe100a03467c47c3c31d7ae3685ad974fcf2b40dcf85ae6dde3559259c22bd133500a80ca3dd8e4dbc526ab9b0594365211617534362c8f677164242257b79195998c84f2b3443968c574b97568bf226e0a8767b98de9b6cd1c9650cc5c9896d6311cca5ee5e25549356a2abe1fc35cbc230db4c36ac55112848695568b19789881dc195b4e39adf28d55bab4dbe272ef73c9f1522520b0fab0e9fd6510c8534ac85bb2a0e328fad2c65a384479b5389ae1641966779bfb69c3d96e165582b5d4b232cca470219405c5b5832a716d779347c9dbf72792c53c5143701c2a893ce156df9b40ff3538f6e29a6f149ba7b0da2eed9646bb789d48d2915bccf22a9d624f0d3469f28e1efc4baef323dc6156ca162d147a2b9939b1a7bdaa70984b6d896eecd32b28280b769ecc6e13c89346b220a002b814903af36f4639541fb22807d581b804ddac049632c42370ed4a9a1398f7629cc809d31bbb5bddb5a48ec6377e62e5570c38730767bb0fd34f01b5bc99dad9e3646b5964fb2276127b685081f0c4b97c9f5acef4ec97137505dc6ceac1c9569a1d4f154c6a48a0d0c3ce3b71d5b7c45a5742880b19e2712960cba252172d7f6b199c29ab436f39923d60ea1c7bb15d36cab0d979da2b13e996be722bfb70c002e8bed9786f2191d2de76a5f08418c237da509a7004d745b6cb9fceec6e24791c2fadb764e573229383a1a3c6c57da307c95acb5dcec371b24bd81f9d049938208353de3b309e8d667aa7a7629ed9a6892a6b5d35a7d78cbae19d34c3984b6f241320bb0de9546931a006763fbfd984b51d77c3496d0958dc2ab22139a48cb99fb58e6e9ae1937aafbd6c0b79691b2111dec313b4125480a57ccb99d3e2f6e379f5c2b280eeb677b1dbf20d03244a79a402da97ce5fbb16e7bc4508fcd7f202188e704fc3e3c2b9e1eed32c0475daee39f7b31a4a1aacb142610534d34e92597cdecc6cd9984161712adcc7cb95658918690ed5d4bdc01f2fc30dbed985cd1f82ead2d62494a466fd4f25a6d00aa86e243118e5ba5f88c96a56be85353ca431ae95cf4d4ff000d304e34f8559f71b0324b1ebd251a81ce67e9c575e2308d36aea39184f60935da487573629150d3e38af3d61e6b56b62d9fa9b77bbbb82298c46cce9904b2d42cba54f2c1a679b8c1bc6fd396a6d3a1b792ca2f776e5bff008a91b2d47c425711db494faf36a058adbdbc50235550515f06ba48e9d6453b8b3b678a66948e5c4baa52402011c38e58aa3d6b29b7758db47b9c30a298ec1ff0de45401839f9ea05712de652d6ba53df6d5b7d9098cf1f282d564d40927dd8dd63a2600bf32dff00a82111d9c8b616c4d26990fe2b0f66ae1f0c74cc37d96e3876ed950c51c0935d3f89a5342c48f9a47ccd7dbc711bda27ef0e4b093719a0bbdd2e965940e65a582b2c5042ba35695d5aeb9f7e237f433de32bd63b8fe709691a18d2c2d6ecc6f7d6c28d2470c4c26a13d91f31a9dff461e6f5252b9d86d50373afa4b29ed5cc72895e5920d4e750a321af2a45f29f97e6c26d8bf25bac5eb796e2c2293930731464d3c3724834f9d5a466668fef29d3f7f11c26171ef37ebcd5b3ba13344c40492b560d4ad0f93e51d985ba4ad22f565cb32a07d3ca474602610a9a70cb4b3fd7897faf49e4f3d72e641082ca9147ae763285d4c3b051460ff5a8f253d4724ee1dd744873458f53228fbe58938d9f9e9b5db30c877cbab9b85840126a603cd4cf553b30f3f31bf3eb76be4eddb729e0ddded95e38d031ff00508c2944e23571f17bf15fae3bff004719ff00f248b7078119e5b85372fa5e3b57d6a195568f2554835d5d983eb8a7e6d3593fb066e9b94973ca96581240ec7c4ea4b027cbe1f2fd58248e4efdaec1cf7ee59966984294af3086a839f023df8a4d63975d326bccc6de09a30d3473a26856219b515d2468355f378b8637d24262dae9bd211456f630b2bea321128607565dd961a61e97e592357691899f9244629a98866a2b2afce7da3bb1492575fe8f864b7bb2874de7a57fc4599a39d5969937908c437d247934097747b2d9ade4b520dc431c8f3834000d6d06440fb523363735b82cb71cc9d6f0387b71cde4c00e87cdb44751c725d633c60c269b759658dedcb8443c5c50fd472c46f3899176ee4dc453a3335b01a5b3ac835fb3eee16d09edec8dcdb3db5b207e6272cc923b46857b992ba8fc71ba4c32ae74bd96dd25b43617b34769eb51e2b2bc95f5402552d1849582d57370d518ecd6279ad47ea2743ddc006e925bdd4db658dbc701bc85eda346cce7cc77c855957c98e89ad8bc73baed49a4476aa1ce759eea591ff9604897eac37956458b6ddb6f33aab3a820784456b1cedfcf4b96faf06d7c37d75166ddee5d15da6678635a10cdf89ff3047403e18e4dbe4b700db823df0648ec29a8051395a9a2f006b5a7ff001dc314f09896f36b6d0588dc639f489e3168964aa79b40aab2146e0c35fdaff2c632eb19eacfc7757d34e448a042ae91b46cf5ab1f9b2a639711874ca812e23b99241a63684a804850fc461a50a56f6acaf32c8a5e0900412645400e0061f6725ecc6d648d15a2b2a9e4f2d2573f8d4765d0f403488c1e770519f2f11b2372b169777d6b013049a6e22601e2ad037c712bac4f0b17fb46dfd4fb7566516d7f10d4f70a394aeff6a73e2d4ded39e29a6d87572d65f942fb2bed7308fd5aee36be57915488ebf0c37583bf2f5f8099760bd0f2de59ca4b4419c0a0128014a843f6b263e5c2f3db09f2e9fe44764bbd16524d7f12bdcdc3a22a3be87f1a324cad111e2d4adda3b3da70fbed5bf62ddbef134374d0417771768c4aa5b451ba46027f980a6b1abdf8e3ded2fb455ded647b08af0dbbc11ce192e6d983544ed2694d2518320a77e3a39ef2b7de9b6979222c31ceacf2cabe1855684aeaaf30b8a28f0f661b683daacdaeeb6b32c90230f5113b472a31e257e614c6ed309d886ecccd0d236d720e08dc3e8c2eb5b35508577496e1de78ca5238c6a153193e3ffc38635822d3dc328462f250d46acf3a69fd985baa54d48f59d016878703fdb8dbb46faa74b160e159415f95bfdb84bb8f44ba270bec1d98dc989a2868d9e9f37b71ad52bab7918ea59dd456ba5307b583d630bd416325a6e0b74a4aacb9b95a023de7fdb8bf3dad9e53c0b41b9eea648bf2f879e635766b8b863300077188c69f561e69229242da6dfb9432dedc5fb97bb86e22bc20000b42c8c931f0d3c8c90d07fdb82ec68dd26eb344794e4345225627a0292a7db2dc47c0e17db2afb2e58cae08a3648687ef62ba5904da8d2b33800d141eda9c59588e62114b6b010652a15d41d7db4c4ae54920458dd1d9ee936e7b9aed77085ece465602366e3150766291331ee27e9cdc5e7495a4daaf1c7aa3cb2042ff006d40ff000f1b2b5aa792deeac740a3ab2d5a9d87e182c36f72e4fd59d2b7dae67b1620d6ac859b493ec049a7c311b1cb748ceed2a61212eae261308d848326d34ecf157e9c674992357b78bab6b4632cfeae00d198c3d5883f1cf1c3be9e5b949ba476ecaf2c71cb3486a1dd57c1206e3ab51c671b7f96e19d58dfd13c4ccda6802354d695cf1d5fc8c28ee365f94430b98a29629078a55a07d40ea1e11e1e3ecc673db250c8770d911cccf6f1065f980d2a716f5acc0b1824dfb660f651a8e4cba4ab8d0ac9eda5319ed8f912061e87ea33425d0143aa3cd8d0f7e6717fb2615f54d69fa73bc3b17bb95218cb8d458eb23e8c25ed1b849d4e6ff632b630b32c30c7a61941a730f7e585e57226cd37e9e6f36fb66d5b85bee3743d4bdf6b639c8cdfe9e235a8f6a8c5b699566ed51ea7b32088966989150cc00fd98e7c37df2b36d797778ba60b7a13e524ff00b71adf5653f50f764b78bf2281996f323b9e8e010ff4d2bf6e4f9bbb0e875d9888ede5566764627b3f100523f7078b13a8eb5a5e93def6937705beeb106b60691cc4ea4451fe6279b0b54f66d777ddedadc72b6f87969a75738958ea7ed475e2bf74f8b13bd07b31f7dd412cba9356872df85a687537d862788f2e67bf11faed4f08ef770b8b28dda1767b8b053169a0d3ea25522b4a78a382342e0f6ea5ad70f38b703bb2436516c5b3c770142178e29164a01feb229f8ffe5ad7ebc17632a1b2bddb45b5d24ca56165b0be86420ad5757a6720e54910847efd3e2a9c6fb34cb7daf6c780c32b729d98bc3a0ae8674f308d2456647fbb0ea185ca47b74cec365702432cf32a7f83cc40aadf7a993fc306429dcedbb1ca1da3ac0633569e0252524f1f9b09edb37085f6de8f16aa5a4b91a383875ab30f9bc75afbb07b6ccbaa188ec9213e93d44acca7f0ebe23c0661280f9feac1add99c74f05d96d36a37d0cd14c2158ceb99a6f94835f0855cf159767a5f8b5994660dae38257bf0259d59914e96a1d1e5968800f870efc515bfd3e4cbdbeb6be558d9c43231622704164d6da9a956cea703cfefdb37c165960b698c71cc486914c4245f190bc340edc42695cf76cacd9db59dc323dcb17b75c9320758f6ff0077f9b15d74ae9e3a6522f48585b48cf6ce5a386512025c1cc2e8047dcd38aed6bafafe7906ec372b1b2b6105b40c9e90e92d1b3015cbcfe034f2b639b6ddcda6d8a35b76e567717561677159165b6964241d34923afccb4346d1c2b4cf15e5bbafb6d986ee9b8c705dcf1ceb004658850b33d64119608854d5bc5a96a7bb0fbccb8a6a157fb2db45b15a431c68f6d73711d9cd2153ce605dc4a847602f1bc9519e815c3485652033476925c4ebcd13b15590b2ea02224d5069e0c58e0c025add22cca174bdbcde30fc4afdda1c25d5217f5621b865951a04bb668e102ad2f31388a548a37ef7bb12b0469ba6764977682658651eaedae620f2b46cc162b98a8a35331274cfe1c3eb0f811db6da29add362bc804335b5cf2aeedc481048595551d642ba754802550662be6c75e9aa575749eb0db67dcfa52e6c6290f26fe28ff165918e8fc68e6f98e3bae30a473087f45ba7e1b8517fbb3dc81e78a184b32ffcc8f9c311db6562edd74b7e9bd90758729613a755e4b1c6b27c0eb71f0c4f76dd6a83ee7b1da203669642a48e6425e5522ba332c1abf6b3c72ee8dd6a99de1c24ccace893718a915387795247c313f7001717baeda105d9238d1a874bb789c6b62016a0ab54e583dc04463f309a34813c0a4319905280569cce4f369e4faf0a55abd8a78e091d5b54c5d5e9563ac76ae782047b2b449238448b55bfe16b9a6d01d2a0d34302bc55bb30db01298dbf3629a1d0c8fad2731356ae346495e393115fb7970c4688b01a3b59a16bad4c2e007890805c87f2feeff1621ecdde0b6d8f6fe8eeee6deea388db0fc5b752d10d1ad175b65f887c47860f6f26e5b610deee7b9082e240ebe951398218c646941ccefaf8c65ecc74cf2e9ebb64096fa70c9a59db97c1f810c7b88a627bf8ae1baafdfefd71b92c3b733ac33daccf3dd4ef1b99f98fa7417d55913c8325908faf0ccf566d77cdaede58218e25b794cba5ae5c0351149a6ace54b7887b71979e44d45af7728ae76cf5b616925cddf2435c72dd02031be97134673631b78815ccf6e13970b2994a2dc2fe35e6d9ee11c8466c8a6abcce63c140b26a016810e59678e9b30d5fdab76b3b9bfb75bf8a18ef9c2b5acd6ca238e45918c6e8dfef01656c2f49e008ee3692124a92ba7fa94c47462b4305e08c689ddc2534c458d32ad3e8a9c51995986f3f0f54aa35d69a85467f1c653ebae56a6bc96da1264466ba946b82240e5f4fb472e98e7b2bae72f019d3fbeb5fdcccb3c7c98ff17d4b3b1023d1c2894d584db5b2b3ea184b88dcb281e3199a7663a2217548a919edae1b2cc2b5c46a33ad0e16c2ecc9f51b43c996378c36b146cbb716e29d6676a9675be820791cdb2d5040c42a693c41514071d3bfc372e8313dcdcc48fcfe739043bac606a1a52480664e48cc49fb5f3571c3bef8a3d91c523d9816c73b607f0c13570bec07b304dd9aee276d73221525b52aff004fdbefc575dd7d7c8fd86e492272a5202e655bb7c1fedc754ea79b09477092285420d4664654e1e1cbdc70f368acd95eeb6fb6b8125b5c02d19f231d551eecf2c6c687d8f2983ecdbbf3a4b88d7f0d83369960ff0030e6057ee8cb0045b05d7e4fb90da2e246f4f29ffedb3c83273fe5313d9ede38da9cd86b7bdb566864e58f12853403857b8f6e234f8cb8df54ed0d637eb7e19e6809267058a9563f378695f770c1973547b37514eb368b875568c784939381f391c30974cb1a04de6d655f4ae0b861e430f801f63d298e6db5c1d59a6944ca863aa13e1e3a80a5785307b780cd75369f5adebb5fa0d47fa75f357b34f8f862dcbfe92f21969ff4873472ebae9e0f59cda57fee7d38bedef865f66bf60f53f9a5bf3bff00f1da4e9e5d74ebecd54f0e21b615e7ff006daad7d3fe1ff534f875d78e17cafb63f866ee3f35a4d5d3affc4d35a6bece197d18cfea85f6643acbf31e46d9f9953fddd756bffc38bf2ffa1305e94fcafd58f51cee7ebf92be6e5af9a9979298e8bec6752db7f2bd31eaa72fb74d2b4c454d71fc364bcbfcb5bf28e47a8e49e4f369fd4ecae9cbfb307853fb7f0f9e2e7d77acbaf5fabd5f31b9fcee3ccedd5a3c55fb3f5637cb877f6fe5567ffd5ff078737fdbf4e17c1264c8b47a8879f5e5ff008d4ad7f8b97f8bf4e0f076a25f5be8e6e6737f26d2791eb797cfd7d9c33d7fbb9e237d72008ebf4cf5a733d2be9d55f3eb3a694f9f4f0f87b3179ebfc28203f31f5567ea3573348f5dc38731747329970d35a7652b961c7914939fe8a4f594f495b7f4daabaf9fa24d14d397975f1cbeac735f51e45b7ae6fa2baf53c9f43cc3eb3573799afd5cfcad3a7d95d35cf0b703cab6e5f9b72e2f37a9e65c6bd3cce6eaf9f5f33c5abebc2f84d06efeabd2b72795ceff00e9f472fcdabb799ffe5f67b71b3001b74f5da17d3fa6e5f307a8d7e979da7b695f0d3ebc5fc1cadc8d507aad3a391f85af91c39cdc6b96bd1a7d9f1c25cff07f0d1da7a2fcdacf97aff2ef51273797e9f99e9b9cda757a7fc4af2abe5cfcbdb861a671e04761fcb7f34ff47ae9ca93d1f3ab4e66a9347374fddd1c72faf0de57e1ed9feaafd5fa7d241a7d7fa8e6c34f4ddda07a9d74cbcd5a532e14c243fe9f7fff00a6762fccb58e67add1cd7e5579d5e5e8f0f33b3cdc3dbecc0f3a6136ddeafd6dd69d1f3d39da799a6b972b99f77ece1661bfd5721f53cd3e5e5f3d791af914e4d24f372fe1aa99d694cb148bf3cff0bd07e69f96ff00a8e573fb29e9ab5fe0cb4fbfc389dcbd1dbdf1fd942f757e5f7fa7d37feeb2e4f27569f179abedaf9b12b8706f8ca7e97fcf34a73f468e59e473791e4f069d3cbf1fd3f1c36b8fe0fb7b1fb4fa2f51feb395cce4379f9bc7d50e569e5e5ab57d9ecad72ae29729791f9fd76abbe76bad66e6f97cfa24d3a34f875f2f99c3e5af6637c93cb2d73cae7c5cbd5a392ba3868d3d9a6b97be9f1c67f61e415bf2fd73f2b56aa9f2d34d70794d62d3f38f411faaff00d8729757334fa7fbba69e0d5eecfbf05c06eba07d77aebafcaff00cb83d57f4f4733e4a6bf0d3fb7db85e7ff006ac6db75fcb3ff00b7fe6dcff4bf95dde8a53553d42727569ff73af46af0f0eda63b61bfaff28af3fea8f44bebfd47e43e1e5f2b91cee5685d3fdca71cfe38adf7c79527a2097d151b9ff9c7a5ff00e97d4ff47fe772bc5fcb896d83cf567a5e6f317f2cfc9f57cfc9f4fccd5edf5de3fa312dbdd9e50ee1ff0056d23e772b97abc3e97d3e8ae9ff00fa5f0f9712bff64656ff005f2fee67a2bddd9c33c64f54ee16f6ee47a1b6af2f4e9fae9f36bc26f8fe13abd37e5bca6f57cbd1a7c7cbd5af4e5e6d5957871ff6e21fd88a779ab96fcbaf2b50f53ea34eae67c94e5e7f4658ae99fe5aa59f39ff00a5aea757374d2be2a79b2fb587a159f9fea1a9cbd1e9473bd372e9a3c3ccd15cb5574d7467ab878b12d8413dc7d57266a69a7261d5c799a75fe173b578b569fb3977e7884c29be3f97a7fcdf923d473b45072b9b5f36a5ae9a766ad3ecc567aa533fc086d3eb3d12736b4ecad2ba33f8538e293fe95d122fa3d771a69e8aaba793a756aa2f0e67f16afab12dff00ed5febfcbdbcfe49e9edbd5f3797e9c7a5e4f3f4f3bfc2f4d4f057dd977e175ca017b87e45f925e7aae6faaf4f6feb397af5ebd7e3e5ebfc1aeae34c5f5c97cb190f2fd0db723ff71cc8f95c9fead74f8bc9d9a78eafdb87d7db2287c9ab9ffe829c8f4efcdd74a72b53d2b5f16ad1ab878b876d31d3ae31fd99e5a57f59e9b6fe77a7e77364fe9535d689cff3783572f4f973ad74e78874f56b75069e59d75d1d95ad69f1fedc72c629b69d5957f870d18917934fc7a69d596ba79fb3148a6b90adcabf99c3e9395eb747f89ccae9f669cf197d70ebfec2b63eabf305a57f32d375cde5d7557b2bcccbfb313bea3fb22bbae9b3e3ced2b5e5f9b478356bd3e0fb5edc57c20bd1797c3c7b6bc7fd985ac32f34fc30b4b595defd278b9bab8e7efc3e9ff45db0c5c94f5a391af5d7c3ae9a6bfb71d5fc7946b79b057d0c1cce5e8a9a53879538d73f2d3ebc7076c67c16a7bee57322f373a869ae95d3fc38869926b95ddb6ba0ebe1edfecc74c746becb1bb73b956fe8abcfd50d3569f276f374f87577e8cb15d70b458e97fcc3d25c7a9f37ac6e6d2bf7b4e8f679b8e293fe9499698d79abab5eafbdc3eac5665606ea2f53cc8791aff30d7fe834d38f6ff0feff008714809d4b5fca57d5eba787469e56ae676f2fe7fa30794a607768fce3f29b7fccb4fa9e50d5c6bc32d54cb57d585b852323d47f95525e75393a0f3f5529a71199476f5722dcfd27af93f25af2b58d5ea34d357ddd7e2a7d58bc436cb61b07e7fc87e7ebf45a879f4f2f576534ff006e39bafa89ec3c3d5f20ff0053557dbabfdb4faf1cde3ffc1fce1fffd9, 63619);

-- --------------------------------------------------------

--
-- Table structure for table `likedislike`
--

CREATE TABLE IF NOT EXISTS `likedislike` (
  `like_type` int(11) NOT NULL DEFAULT '0',
  `user_id` int(10) unsigned NOT NULL,
  `post_id` int(10) unsigned NOT NULL,
  PRIMARY KEY (`user_id`,`post_id`),
  KEY `FK_likedislike_1` (`user_id`),
  KEY `FK_likedislike_2` (`post_id`)
) ENGINE=InnoDB DEFAULT CHARSET=latin1;

-- --------------------------------------------------------

--
-- Table structure for table `LOGS`
--

CREATE TABLE IF NOT EXISTS `LOGS` (
  `USER_ID` varchar(20) NOT NULL,
  `DATED` date NOT NULL,
  `LOGGER` varchar(50) NOT NULL,
  `LEVEL` varchar(10) NOT NULL,
  `MESSAGE` varchar(1000) NOT NULL
) ENGINE=InnoDB DEFAULT CHARSET=latin1;

-- --------------------------------------------------------

--
-- Table structure for table `online_users`
--

CREATE TABLE IF NOT EXISTS `online_users` (
  `user_id` int(10) unsigned NOT NULL COMMENT 'user id present means online',
  UNIQUE KEY `user_id` (`user_id`),
  KEY `FK_user_id` (`user_id`)
) ENGINE=InnoDB DEFAULT CHARSET=latin1 COMMENT='This table tracks presence of online users. Entry means user is online.';

--
-- Dumping data for table `online_users`
--

INSERT INTO `online_users` (`user_id`) VALUES
(4),
(5);

-- --------------------------------------------------------

--
-- Table structure for table `personalinfo`
--

CREATE TABLE IF NOT EXISTS `personalinfo` (
  `info_id` int(11) NOT NULL AUTO_INCREMENT,
  `about_me` varchar(500) DEFAULT NULL,
  `current_city` varchar(10) DEFAULT NULL,
  `user_id` int(11) NOT NULL,
  PRIMARY KEY (`info_id`),
  UNIQUE KEY `user_id` (`user_id`)
) ENGINE=InnoDB DEFAULT CHARSET=latin1 AUTO_INCREMENT=1 ;

-- --------------------------------------------------------

--
-- Table structure for table `post`
--

CREATE TABLE IF NOT EXISTS `post` (
  `post_id` int(10) unsigned NOT NULL AUTO_INCREMENT,
  `timestamp` timestamp NOT NULL DEFAULT CURRENT_TIMESTAMP,
  `post_content` varchar(500) NOT NULL,
  `hascomments` tinyint(1) NOT NULL DEFAULT '0',
  `user_id` int(10) unsigned NOT NULL,
  PRIMARY KEY (`post_id`),
  KEY `FK_post_1` (`user_id`)
) ENGINE=InnoDB  DEFAULT CHARSET=latin1 AUTO_INCREMENT=11 ;

--
-- Dumping data for table `post`
--

INSERT INTO `post` (`post_id`, `timestamp`, `post_content`, `hascomments`, `user_id`) VALUES
(1, '2015-06-12 06:26:36', 'This is my first post', 0, 1),
(2, '2015-04-24 14:25:30', 'This is update post', 0, 1),
(4, '2015-04-11 20:26:14', 'this is trial post', 0, 1),
(5, '2015-04-15 08:26:56', 'milind', 0, 1),
(6, '2015-04-16 05:04:30', 'This is my new trial post', 0, 4),
(8, '2015-04-16 05:06:37', 'This is my new post', 0, 4),
(9, '2015-04-16 05:06:42', 'This is my test post', 0, 5),
(10, '2015-04-16 05:06:46', 'This is my third post', 0, 4);

-- --------------------------------------------------------

--
-- Table structure for table `user`
--

CREATE TABLE IF NOT EXISTS `user` (
  `user_id` int(10) unsigned NOT NULL AUTO_INCREMENT,
  `fname` varchar(20) NOT NULL,
  `lname` varchar(20) NOT NULL,
  `contact_number` varchar(10) NOT NULL,
  `email` varchar(45) NOT NULL,
  `password` varchar(16) CHARACTER SET utf8 NOT NULL,
  `bdate` timestamp NULL DEFAULT NULL,
  `isVerified` tinyint(1) NOT NULL DEFAULT '0',
  `isLocked` tinyint(1) NOT NULL DEFAULT '0',
  `lastactive` timestamp NULL DEFAULT CURRENT_TIMESTAMP ON UPDATE CURRENT_TIMESTAMP,
  PRIMARY KEY (`user_id`)
) ENGINE=InnoDB  DEFAULT CHARSET=latin1 AUTO_INCREMENT=31 ;

--
-- Dumping data for table `user`
--

INSERT INTO `user` (`user_id`, `fname`, `lname`, `contact_number`, `email`, `password`, `bdate`, `isVerified`, `isLocked`, `lastactive`) VALUES
(1, 'DefaultUser', 'DefaultUser', '123456789', 'default@default.com', 'default', '1999-12-31 00:00:00', 0, 0, '2015-04-12 00:00:00'),
(4, 'Renuka', 'Deshmukh', '1234567890', 'renudesh@umail.iu.edu', '123456', '2012-09-12 00:00:00', 0, 0, '2015-04-12 18:59:30'),
(5, 'Vivek', 'Supe', '9087654321', 'vsupe@umail.iu.edu', '1234567', '2000-05-05 00:00:00', 0, 0, '2015-04-12 18:59:30'),
(6, 'Sakshi', 'Pagnis', '8123695371', 'mmpagnis@umail.iu.edu', 'mrunalp', '1993-07-14 00:00:00', 0, 0, '2015-04-19 00:35:42'),
(7, 'Amy', 'Fowler', '9871236540', 'amy.fowler@gmail.com', 'fowlera', '1994-12-07 00:00:00', 0, 0, '2015-04-12 19:02:46'),
(8, 'Milind', 'Gokhale', '2468097531', 'mgokhale@umail.iu.edu', 'mmilind', '2005-10-02 00:00:00', 0, 0, '2015-04-12 19:07:35'),
(9, 'Mrunalabcd', 'Pagnis', '8123695371', 'mmpagnis@indiana.edu', 'Mrunal123', NULL, 0, 0, NULL),
(12, 'Prajakta', 'Ghatage', '9922927097', 'prajaktag@gmail.com', 'Prajakta123', NULL, 0, 0, NULL),
(13, 'Meghana', 'Shah', '9011044404', 'meghna@gmail.com', 'Meghana123', NULL, 0, 0, NULL),
(15, 'Priyanka', 'unune', '9890912216', 'pri_123@gmail.com', 'Priyanka123', NULL, 0, 0, NULL),
(17, 'newUser', 'newUserLast', '8123695371', 'abcd@somewhere.com', '[B@1984ccfc', NULL, 0, 0, NULL),
(18, 'someonenew', 'someoneold', '8123695371', 'abcd@somewhere.com', '[B@55f19257', NULL, 0, 0, NULL),
(19, 'newnewuser', 'oldolduser', '8123695371', 'newuser@gmail.com', '[B@18012261', NULL, 0, 0, NULL),
(20, 'newnewuser', 'oldolduser', '8123695371', 'newuser@gmail.com', '[B@de185d2', NULL, 0, 0, NULL),
(21, 'newnewuser', 'oldolduser', '8123695371', 'newuser1@gmail.com', '[B@27e0a97a', NULL, 0, 0, NULL),
(22, 'a', 'b', '0123456789', 'a@a.com', 'a', NULL, 0, 0, NULL),
(23, 'mrunal', 'Pagnis', '0123456789', 'mmpagnis@indiana.edu', 'Mrunal123', NULL, 0, 0, NULL),
(24, 'mrunal', 'Pagnis', '0123456789', 'mmpagnis@indiana.edu', 'Mrunal1234', NULL, 0, 0, NULL),
(25, 'Mrunalabcd', 'oldolduser', '8123695371', 'abcd@somewhere.com', 'Mrunal123', NULL, 0, 0, NULL),
(26, 'Mrunal', 'Pagnis', '8123695371', 'mmpagnis@indiana.edu', 'Mrunal123', NULL, 0, 0, NULL),
(27, 'richa', 'singh', '8123695371', 'richaricha@gmail.com', 'Richa123', NULL, 0, 0, NULL),
(28, 'Vishal', 'Pradhan', '8128128128', 'vpradhan@iu.edu', 'Vpradhan1', NULL, 0, 0, NULL),
(29, 'John', 'Nash', '1234567890', 'milindhg@yahoo.co.uk', 'MilindAloha1', NULL, 0, 0, NULL),
(30, 'Sachin', 'Pagnis', '9922233380', 'sachin.pagnis@gmail.com', 'Sachin123', '1988-02-04 00:00:00', 0, 0, NULL);

-- --------------------------------------------------------

--
-- Table structure for table `users_education`
--

CREATE TABLE IF NOT EXISTS `users_education` (
  `e_id` int(11) NOT NULL AUTO_INCREMENT,
  `user_id` int(11) NOT NULL,
  `school` varchar(50) NOT NULL,
  `area` varchar(50) DEFAULT NULL,
  PRIMARY KEY (`e_id`),
  KEY `user_id` (`user_id`,`school`)
) ENGINE=InnoDB  DEFAULT CHARSET=latin1 AUTO_INCREMENT=2 ;

--
-- Dumping data for table `users_education`
--

INSERT INTO `users_education` (`e_id`, `user_id`, `school`, `area`) VALUES
(1, 6, 'Indiana', 'Bloomington');

--
-- Constraints for dumped tables
--

--
-- Constraints for table `chat`
--
ALTER TABLE `chat`
  ADD CONSTRAINT `FK_chat_1` FOREIGN KEY (`user_id1`) REFERENCES `user` (`user_id`) ON DELETE NO ACTION ON UPDATE NO ACTION,
  ADD CONSTRAINT `FK_chat_2` FOREIGN KEY (`user_id2`) REFERENCES `user` (`user_id`) ON DELETE NO ACTION ON UPDATE NO ACTION;

--
-- Constraints for table `comment`
--
ALTER TABLE `comment`
  ADD CONSTRAINT `FK_comment_1` FOREIGN KEY (`user_id`) REFERENCES `user` (`user_id`) ON DELETE CASCADE ON UPDATE CASCADE,
  ADD CONSTRAINT `FK_comment_2` FOREIGN KEY (`post_id`) REFERENCES `post` (`post_id`) ON DELETE CASCADE ON UPDATE CASCADE;

--
-- Constraints for table `friendship`
--
ALTER TABLE `friendship`
  ADD CONSTRAINT `friendship_ibfk_3` FOREIGN KEY (`user_id1`) REFERENCES `user` (`user_id`) ON DELETE CASCADE ON UPDATE CASCADE,
  ADD CONSTRAINT `friendship_ibfk_4` FOREIGN KEY (`user_id2`) REFERENCES `user` (`user_id`) ON DELETE CASCADE ON UPDATE CASCADE;

--
-- Constraints for table `likedislike`
--
ALTER TABLE `likedislike`
  ADD CONSTRAINT `FK_likedislike_1` FOREIGN KEY (`user_id`) REFERENCES `user` (`user_id`) ON DELETE CASCADE ON UPDATE CASCADE,
  ADD CONSTRAINT `FK_likedislike_2` FOREIGN KEY (`post_id`) REFERENCES `post` (`post_id`) ON DELETE CASCADE ON UPDATE CASCADE;

--
-- Constraints for table `online_users`
--
ALTER TABLE `online_users`
  ADD CONSTRAINT `online_users_ibfk_2` FOREIGN KEY (`user_id`) REFERENCES `user` (`user_id`) ON DELETE CASCADE ON UPDATE CASCADE;

--
-- Constraints for table `post`
--
ALTER TABLE `post`
  ADD CONSTRAINT `FK_post_1` FOREIGN KEY (`user_id`) REFERENCES `user` (`user_id`) ON DELETE CASCADE ON UPDATE CASCADE;

/*!40101 SET CHARACTER_SET_CLIENT=@OLD_CHARACTER_SET_CLIENT */;
/*!40101 SET CHARACTER_SET_RESULTS=@OLD_CHARACTER_SET_RESULTS */;
/*!40101 SET COLLATION_CONNECTION=@OLD_COLLATION_CONNECTION */;
